 insert into sys_role (id, name, roledesc, code, sort, createby, createdate, updateby, updatedate ) values (1, '部长', '', 'R001', 15, null, null, null, null);
 insert into sys_role (id, name, roledesc, code, sort, createby, createdate, updateby, updatedate ) values (2, '科长', '', 'R002', 14, null, null, null, null);
 insert into sys_role (id, name, roledesc, code, sort, createby, createdate, updateby, updatedate ) values (3, 'CO', '', 'R003', 12, null, null, null, null);
 insert into sys_role (id, name, roledesc, code, sort, createby, createdate, updateby, updatedate ) values (4, '系长', '', 'R004', 13, null, null, null, null);
 insert into sys_role (id, name, roledesc, code, sort, createby, createdate, updateby, updatedate ) values (5, '预算员', '', 'R005', 11, null, null, null, null);
 insert into sys_role (id, name, roledesc, code, sort, createby, createdate, updateby, updatedate ) values (6, '部门管理员', '', 'R006', 10, null, null, null, null);
 insert into sys_role (id, name, roledesc, code, sort, createby, createdate, updateby, updatedate ) values (7, '采购联络员', '', 'R007', 9, null, null, null, null);
 insert into sys_role (id, name, roledesc, code, sort, createby, createdate, updateby, updatedate ) values (10, '采购担当', '', 'R010', 6, null, null, null, null);
 insert into sys_role (id, name, roledesc, code, sort, createby, createdate, updateby, updatedate ) values (11, '申请担当', '使用部门申请起票经办人', 'R011', 5, null, null, null, null);
 insert into sys_role (id, name, roledesc, code, sort, createby, createdate, updateby, updatedate ) values (12, '收单担当', '', 'R012', 4, null, null, null, null);
 insert into sys_role (id, name, roledesc, code, sort, createby, createdate, updateby, updatedate ) values (15, '系统管理员', '', 'SystemAdministrator', 1, null, null, null, null);
 insert into sys_role (id, name, roledesc, code, sort, createby, createdate, updateby, updatedate ) values (16, '分级管理员', '', 'BranchAdmin', 2, null, null, null, null);
 insert into sys_role (id, name, roledesc, code, sort, createby, createdate, updateby, updatedate ) values (18, '主任', '', 'R017', 18, null, null, null, null);
 insert into sys_role (id, name, roledesc, code, sort, createby, createdate, updateby, updatedate ) values (2415, '微信用户', '微信用户', 'WX_ROLE', 2415, 'root', '2013-10-03 16:42:48', 'root', null);


 insert into sys_tree (id, parent, name, nodedesc, cacheflag, discriminator, moveable, treeid, sort, code, icon, iconcls, url, locked, createby, createdate, updateby, updatedate ) values (1, 0, '/', '根目录', null, null, null, '1|', 1, '0', null, null, null, 0, null, null, null, null);
 insert into sys_tree (id, parent, name, nodedesc, cacheflag, discriminator, moveable, treeid, sort, code, icon, iconcls, url, locked, createby, createdate, updateby, updatedate ) values (2, 1, '数据结构', '', null, null, null, '1|2|', 20, '01', null, null, null, 0, null, null, null, null);
 insert into sys_tree (id, parent, name, nodedesc, cacheflag, discriminator, moveable, treeid, sort, code, icon, iconcls, url, locked, createby, createdate, updateby, updatedate ) values (3, 1, '应用模块', '', null, null, null, '1|3|', 10, '02', null, null, null, 0, null, null, null, null);
 insert into sys_tree (id, parent, name, nodedesc, cacheflag, discriminator, moveable, treeid, sort, code, icon, iconcls, url, locked, createby, createdate, updateby, updatedate ) values (4, 2, '基础数据', '', null, null, null, '1|2|4|', 50, '011', null, null, null, 0, null, null, null, null);
 insert into sys_tree (id, parent, name, nodedesc, cacheflag, discriminator, moveable, treeid, sort, code, icon, iconcls, url, locked, createby, createdate, updateby, updatedate ) values (5, 2, '部门结构', '部门结构', null, 'D', null, '1|2|5|', 40, '012', null, null, null, 0, null, null, null, null);
 insert into sys_tree (id, parent, name, nodedesc, cacheflag, discriminator, moveable, treeid, sort, code, icon, iconcls, url, locked, createby, createdate, updateby, updatedate ) values (8, 3, '系统管理', '系统管理', null, null, null, '1|3|8|', 5, '', null, null, null, 0, null, null, null, null);
 insert into sys_tree (id, parent, name, nodedesc, cacheflag, discriminator, moveable, treeid, sort, code, icon, iconcls, url, locked, createby, createdate, updateby, updatedate ) values (10, 3, '安全设置', '安全设置', null, null, null, '1|3|10|', 30, '', null, null, null, 0, null, null, null, null);
 insert into sys_tree (id, parent, name, nodedesc, cacheflag, discriminator, moveable, treeid, sort, code, icon, iconcls, url, locked, createby, createdate, updateby, updatedate ) values (11, 8, '系统目录', '系统目录', null, null, null, '1|3|8|11|', 20, '', null, null, null, 0, null, null, null, null);
 insert into sys_tree (id, parent, name, nodedesc, cacheflag, discriminator, moveable, treeid, sort, code, icon, iconcls, url, locked, createby, createdate, updateby, updatedate ) values (1525, 1491, '修改密码', '修改密码', null, 'A', null, '1|3|1428|1491|1525|', 1, '', null, null, null, 0, 'root', '2013-09-29 16:02:13', 'root', null);
 insert into sys_tree (id, parent, name, nodedesc, cacheflag, discriminator, moveable, treeid, sort, code, icon, iconcls, url, locked, createby, createdate, updateby, updatedate ) values (702, 701, '新闻管理', '新闻管理', null, null, null, '1|3|701|702|', 0, '', null, null, null, 0, null, null, null, null);
 insert into sys_tree (id, parent, name, nodedesc, cacheflag, discriminator, moveable, treeid, sort, code, icon, iconcls, url, locked, createby, createdate, updateby, updatedate ) values (703, 701, '公告管理', '公告管理', null, null, null, '1|3|701|703|', 0, '', null, null, null, 0, null, null, null, null);
 insert into sys_tree (id, parent, name, nodedesc, cacheflag, discriminator, moveable, treeid, sort, code, icon, iconcls, url, locked, createby, createdate, updateby, updatedate ) values (16, 8, '字典管理', '字典管理', null, null, null, '1|3|8|16|', 20, '', null, null, null, 0, null, null, null, null);
 insert into sys_tree (id, parent, name, nodedesc, cacheflag, discriminator, moveable, treeid, sort, code, icon, iconcls, url, locked, createby, createdate, updateby, updatedate ) values (701, 3, '内容管理', '内容管理', null, null, null, '1|3|701|', 0, '', null, null, null, 0, null, null, null, null);
 insert into sys_tree (id, parent, name, nodedesc, cacheflag, discriminator, moveable, treeid, sort, code, icon, iconcls, url, locked, createby, createdate, updateby, updatedate ) values (21, 20, '修改密码', '修改密码', null, null, null, '1|3|20|21|', 30, '', null, null, null, 0, null, null, null, null);
 insert into sys_tree (id, parent, name, nodedesc, cacheflag, discriminator, moveable, treeid, sort, code, icon, iconcls, url, locked, createby, createdate, updateby, updatedate ) values (20, 3, '个人设置', '个人设置', null, null, null, '1|3|20|', 30, '', null, null, null, 0, null, null, null, null);
 insert into sys_tree (id, parent, name, nodedesc, cacheflag, discriminator, moveable, treeid, sort, code, icon, iconcls, url, locked, createby, createdate, updateby, updatedate ) values (22, 20, '修改个人信息', '修改个人信息', null, null, null, '1|3|20|22|', 30, '', null, null, null, 0, null, null, null, null);
 insert into sys_tree (id, parent, name, nodedesc, cacheflag, discriminator, moveable, treeid, sort, code, icon, iconcls, url, locked, createby, createdate, updateby, updatedate ) values (452, 8, '邮件服务设置', '邮件服务设置', null, null, null, '1|3|8|452|', 452, '', null, null, null, 0, null, null, null, null);
 insert into sys_tree (id, parent, name, nodedesc, cacheflag, discriminator, moveable, treeid, sort, code, icon, iconcls, url, locked, createby, createdate, updateby, updatedate ) values (26, 8, '数据重载', '数据重载', null, null, null, '1|3|8|26|', 26, '', null, null, null, 0, null, null, null, null);
 insert into sys_tree (id, parent, name, nodedesc, cacheflag, discriminator, moveable, treeid, sort, code, icon, iconcls, url, locked, createby, createdate, updateby, updatedate ) values (450, 8, '系统参数', '系统参数', null, null, null, '1|3|8|450|', 450, '', null, null, null, 0, null, null, null, null);
 insert into sys_tree (id, parent, name, nodedesc, cacheflag, discriminator, moveable, treeid, sort, code, icon, iconcls, url, locked, createby, createdate, updateby, updatedate ) values (435, 34, '流程发布', '流程发布', null, null, null, '1|3|34|435|', 435, '', null, null, null, 0, null, null, null, null);
 insert into sys_tree (id, parent, name, nodedesc, cacheflag, discriminator, moveable, treeid, sort, code, icon, iconcls, url, locked, createby, createdate, updateby, updatedate ) values (437, 34, '流程演示', '流程演示', null, null, null, '1|3|34|437|', 437, '', null, null, null, 0, null, null, null, null);
 insert into sys_tree (id, parent, name, nodedesc, cacheflag, discriminator, moveable, treeid, sort, code, icon, iconcls, url, locked, createby, createdate, updateby, updatedate ) values (498, 4, '货币类型', '货币类型', null, null, null, '1|2|4|498|', 498, 'money', null, null, null, 0, null, null, null, null);
 insert into sys_tree (id, parent, name, nodedesc, cacheflag, discriminator, moveable, treeid, sort, code, icon, iconcls, url, locked, createby, createdate, updateby, updatedate ) values (438, 34, '流程监控', '流程监控', null, null, null, '1|3|34|438|', 438, '', null, null, null, 0, null, null, null, null);
 insert into sys_tree (id, parent, name, nodedesc, cacheflag, discriminator, moveable, treeid, sort, code, icon, iconcls, url, locked, createby, createdate, updateby, updatedate ) values (731, 720, '公告', '公告', null, null, null, '1|720|731|', 0, 'bulletin', null, null, null, 0, null, null, null, null);
 insert into sys_tree (id, parent, name, nodedesc, cacheflag, discriminator, moveable, treeid, sort, code, icon, iconcls, url, locked, createby, createdate, updateby, updatedate ) values (732, 731, '普通', '', null, null, null, '1|720|731|732|', 0, '', null, null, null, 0, null, null, null, null);
 insert into sys_tree (id, parent, name, nodedesc, cacheflag, discriminator, moveable, treeid, sort, code, icon, iconcls, url, locked, createby, createdate, updateby, updatedate ) values (733, 731, '重要', '', null, null, null, '1|720|731|733|', 0, '', null, null, null, 0, null, null, null, null);
 insert into sys_tree (id, parent, name, nodedesc, cacheflag, discriminator, moveable, treeid, sort, code, icon, iconcls, url, locked, createby, createdate, updateby, updatedate ) values (720, 1, '内容管理分类', '', null, null, null, '1|720|', 0, '', null, null, null, 0, null, null, null, null);
 insert into sys_tree (id, parent, name, nodedesc, cacheflag, discriminator, moveable, treeid, sort, code, icon, iconcls, url, locked, createby, createdate, updateby, updatedate ) values (721, 720, '新闻', '新闻', null, null, null, '1|720|721|', 0, 'news', null, null, null, 0, null, null, null, null);
 insert into sys_tree (id, parent, name, nodedesc, cacheflag, discriminator, moveable, treeid, sort, code, icon, iconcls, url, locked, createby, createdate, updateby, updatedate ) values (722, 721, '公司新闻', '公司新闻', null, null, null, '1|720|721|722|', 0, 'news_01', null, null, null, 0, null, null, null, null);
 insert into sys_tree (id, parent, name, nodedesc, cacheflag, discriminator, moveable, treeid, sort, code, icon, iconcls, url, locked, createby, createdate, updateby, updatedate ) values (723, 721, '业界新闻', '业界新闻', null, null, null, '1|720|721|723|', 0, 'news_02', null, null, null, 0, null, null, null, null);
 insert into sys_tree (id, parent, name, nodedesc, cacheflag, discriminator, moveable, treeid, sort, code, icon, iconcls, url, locked, createby, createdate, updateby, updatedate ) values (15, 10, '模块管理', '模块管理', null, null, null, '1|3|10|15|', 12, '', null, null, null, 0, null, null, 'root', null);
 insert into sys_tree (id, parent, name, nodedesc, cacheflag, discriminator, moveable, treeid, sort, code, icon, iconcls, url, locked, createby, createdate, updateby, updatedate ) values (14, 10, '角色管理', '角色管理', null, null, null, '1|3|10|14|', 15, '', null, null, null, 0, null, null, 'root', null);
 insert into sys_tree (id, parent, name, nodedesc, cacheflag, discriminator, moveable, treeid, sort, code, icon, iconcls, url, locked, createby, createdate, updateby, updatedate ) values (12, 10, '部门管理', '部门管理', null, null, null, '1|3|10|12|', 20, '', null, null, null, 0, null, null, 'root', null);
 insert into sys_tree (id, parent, name, nodedesc, cacheflag, discriminator, moveable, treeid, sort, code, icon, iconcls, url, locked, createby, createdate, updateby, updatedate ) values (34, 3, '流程管理', '流程管理', null, null, null, '1|3|34|', 34, '', null, null, null, 1, null, null, 'root', null);
 insert into sys_tree (id, parent, name, nodedesc, cacheflag, discriminator, moveable, treeid, sort, code, icon, iconcls, url, locked, createby, createdate, updateby, updatedate ) values (1428, 3, '微信应用', '微信应用', null, 'A', null, '1|3|1428|', 1, 'WeChat', null, null, null, 0, 'root', '2013-09-28 16:21:29', null, null);
 insert into sys_tree (id, parent, name, nodedesc, cacheflag, discriminator, moveable, treeid, sort, code, icon, iconcls, url, locked, createby, createdate, updateby, updatedate ) values (1444, 1428, '微回复', '微回复', null, 'A', null, '1|3|1428|1444|', 1, '', null, null, null, 0, 'root', '2013-09-28 16:22:44', 'root', null);
 insert into sys_tree (id, parent, name, nodedesc, cacheflag, discriminator, moveable, treeid, sort, code, icon, iconcls, url, locked, createby, createdate, updateby, updatedate ) values (1457, 1428, '微官网', '微官网', null, 'A', null, '1|3|1428|1457|', 1, '', null, null, null, 0, 'root', '2013-09-28 16:23:35', 'root', null);
 insert into sys_tree (id, parent, name, nodedesc, cacheflag, discriminator, moveable, treeid, sort, code, icon, iconcls, url, locked, createby, createdate, updateby, updatedate ) values (1498, 1491, '接口设置', '接口设置', null, 'A', null, '1|3|1428|1491|1498|', 1, '', null, null, null, 0, 'root', '2013-09-29 15:38:03', 'root', null);
 insert into sys_tree (id, parent, name, nodedesc, cacheflag, discriminator, moveable, treeid, sort, code, icon, iconcls, url, locked, createby, createdate, updateby, updatedate ) values (1633, 1438, '网站基本信息', '网站基本信息', null, 'A', null, '1|3|1428|1438|1633|', 1, '', null, null, null, 0, 'root', '2013-09-29 18:45:47', null, null);
 insert into sys_tree (id, parent, name, nodedesc, cacheflag, discriminator, moveable, treeid, sort, code, icon, iconcls, url, locked, createby, createdate, updateby, updatedate ) values (1653, 1444, '关注时回复', '关注时回复', null, 'A', null, '1|3|1428|1444|1653|', 1, '', null, null, null, 0, 'root', '2013-09-29 19:10:55', null, null);
 insert into sys_tree (id, parent, name, nodedesc, cacheflag, discriminator, moveable, treeid, sort, code, icon, iconcls, url, locked, createby, createdate, updateby, updatedate ) values (1659, 1444, '默认回复', '默认回复', null, 'A', null, '1|3|1428|1444|1659|', 1, '', null, null, null, 0, 'root', '2013-09-29 19:11:33', null, null);
 insert into sys_tree (id, parent, name, nodedesc, cacheflag, discriminator, moveable, treeid, sort, code, icon, iconcls, url, locked, createby, createdate, updateby, updatedate ) values (1665, 1444, '关键字回复', '关键字回复', null, 'A', null, '1|3|1428|1444|1665|', 1, '', null, null, null, 0, 'root', '2013-09-29 19:11:59', null, null);
 insert into sys_tree (id, parent, name, nodedesc, cacheflag, discriminator, moveable, treeid, sort, code, icon, iconcls, url, locked, createby, createdate, updateby, updatedate ) values (1671, 1444, 'LBS回复', 'LBS回复', null, 'A', null, '1|3|1428|1444|1671|', 1, '', null, null, null, 0, 'root', '2013-09-29 19:12:19', null, null);
 insert into sys_tree (id, parent, name, nodedesc, cacheflag, discriminator, moveable, treeid, sort, code, icon, iconcls, url, locked, createby, createdate, updateby, updatedate ) values (512, 10, '授权管理', '授权管理', null, null, null, '1|3|10|512|', 512, '', null, null, null, 1, null, null, 'root', null);
 insert into sys_tree (id, parent, name, nodedesc, cacheflag, discriminator, moveable, treeid, sort, code, icon, iconcls, url, locked, createby, createdate, updateby, updatedate ) values (449, 8, '工作日历', '工作日历', null, null, null, '1|3|8|449|', 449, '', null, null, null, 1, null, null, 'root', null);
 insert into sys_tree (id, parent, name, nodedesc, cacheflag, discriminator, moveable, treeid, sort, code, icon, iconcls, url, locked, createby, createdate, updateby, updatedate ) values (494, 8, 'TODO配置', 'TODO配置', null, null, null, '1|3|8|494|', 494, '', null, null, null, 1, null, null, 'root', null);
 insert into sys_tree (id, parent, name, nodedesc, cacheflag, discriminator, moveable, treeid, sort, code, icon, iconcls, url, locked, createby, createdate, updateby, updatedate ) values (3864, 169338, '个人自媒体', 'D', null, 'D', null, '1|2|5|169338|3864|', 1, '', null, null, null, 0, 'root', '2013-10-26 12:18:44', 'root', null);
 insert into sys_tree (id, parent, name, nodedesc, cacheflag, discriminator, moveable, treeid, sort, code, icon, iconcls, url, locked, createby, createdate, updateby, updatedate ) values (3883, 169338, '新闻媒体', 'D', null, 'D', null, '1|2|5|169338|3883|', 1, '', null, null, null, 0, 'root', '2013-10-26 12:22:27', 'root', null);
 insert into sys_tree (id, parent, name, nodedesc, cacheflag, discriminator, moveable, treeid, sort, code, icon, iconcls, url, locked, createby, createdate, updateby, updatedate ) values (3888, 169338, '影音娱乐', 'D', null, 'D', null, '1|2|5|169338|3888|', 1, '', null, null, null, 0, 'root', '2013-10-26 12:22:44', 'root', null);
 insert into sys_tree (id, parent, name, nodedesc, cacheflag, discriminator, moveable, treeid, sort, code, icon, iconcls, url, locked, createby, createdate, updateby, updatedate ) values (1699, 1457, '栏目管理', '栏目管理', null, 'A', null, '1|3|1428|1457|1699|', 1, '', null, null, null, 0, 'root', '2013-09-29 19:47:21', 'root', null);
 insert into sys_tree (id, parent, name, nodedesc, cacheflag, discriminator, moveable, treeid, sort, code, icon, iconcls, url, locked, createby, createdate, updateby, updatedate ) values (1556, 1457, '素材管理', '素材管理', null, 'A', null, '1|3|1428|1457|1556|', 1, '', null, null, null, 0, 'root', '2013-09-29 16:09:27', 'root', null);
 insert into sys_tree (id, parent, name, nodedesc, cacheflag, discriminator, moveable, treeid, sort, code, icon, iconcls, url, locked, createby, createdate, updateby, updatedate ) values (495, 8, '调度管理', '调度管理', null, null, null, '1|3|8|495|', 495, '', null, null, null, 0, null, null, 'root', null);
 insert into sys_tree (id, parent, name, nodedesc, cacheflag, discriminator, moveable, treeid, sort, code, icon, iconcls, url, locked, createby, createdate, updateby, updatedate ) values (5072, 5066, '微反馈', '微反馈', null, 'A', null, '1|3|1428|5066|5072|', 1, '', null, null, null, 0, 'root', '2013-10-31 19:59:17', 'root', null);
 insert into sys_tree (id, parent, name, nodedesc, cacheflag, discriminator, moveable, treeid, sort, code, icon, iconcls, url, locked, createby, createdate, updateby, updatedate ) values (5079, 5066, '微投票', '微投票', null, 'A', null, '1|3|1428|5066|5079|', 1, '', null, null, null, 0, 'root', '2013-10-31 19:59:56', 'root', null);
 insert into sys_tree (id, parent, name, nodedesc, cacheflag, discriminator, moveable, treeid, sort, code, icon, iconcls, url, locked, createby, createdate, updateby, updatedate ) values (2410, 169338, '城市门户', 'D', null, 'D', null, '1|2|5|169338|2410|', 1, 'wechat', null, null, null, 0, 'root', '2013-10-03 16:41:59', 'root', null);
 insert into sys_tree (id, parent, name, nodedesc, cacheflag, discriminator, moveable, treeid, sort, code, icon, iconcls, url, locked, createby, createdate, updateby, updatedate ) values (3873, 169338, '企业微站', 'D', null, 'D', null, '1|2|5|169338|3873|', 1, '', null, null, null, 0, 'root', '2013-10-26 12:21:57', 'root', null);
 insert into sys_tree (id, parent, name, nodedesc, cacheflag, discriminator, moveable, treeid, sort, code, icon, iconcls, url, locked, createby, createdate, updateby, updatedate ) values (3893, 169338, '政务官微', 'D', null, 'D', null, '1|2|5|169338|3893|', 1, '', null, null, null, 0, 'root', '2013-10-26 12:23:00', 'root', null);
 insert into sys_tree (id, parent, name, nodedesc, cacheflag, discriminator, moveable, treeid, sort, code, icon, iconcls, url, locked, createby, createdate, updateby, updatedate ) values (1875, 1457, '微网站发布', '微网站发布', null, 'A', null, '1|3|1428|1457|1875|', 1, '', null, null, null, 0, 'root', '2013-09-30 11:42:42', 'root', null);
 insert into sys_tree (id, parent, name, nodedesc, cacheflag, discriminator, moveable, treeid, sort, code, icon, iconcls, url, locked, createby, createdate, updateby, updatedate ) values (6, 5, '系统管理', '技术部', null, 'D', null, '1|2|5|6|', 284, 'JS000', null, null, null, 0, null, null, 'root', null);
 insert into sys_tree (id, parent, name, nodedesc, cacheflag, discriminator, moveable, treeid, sort, code, icon, iconcls, url, locked, createby, createdate, updateby, updatedate ) values (1491, 1428, '系统设定', '系统设定', null, 'A', null, '1|3|1428|1491|', 1, '', null, null, null, 1, 'root', '2013-09-29 15:36:31', 'root', null);
 insert into sys_tree (id, parent, name, nodedesc, cacheflag, discriminator, moveable, treeid, sort, code, icon, iconcls, url, locked, createby, createdate, updateby, updatedate ) values (2709, 1545, '首页模板风格设定', '首页模板风格设定', null, 'A', null, '1|3|1428|1545|2709|', 1, '', null, null, null, 0, 'root', '2013-10-11 15:41:54', null, null);
 insert into sys_tree (id, parent, name, nodedesc, cacheflag, discriminator, moveable, treeid, sort, code, icon, iconcls, url, locked, createby, createdate, updateby, updatedate ) values (1438, 1428, '我的微站', '我的微站', null, 'A', null, '1|3|1428|1438|', 1, '', null, null, null, 1, 'root', '2013-09-28 16:22:25', 'root', null);
 insert into sys_tree (id, parent, name, nodedesc, cacheflag, discriminator, moveable, treeid, sort, code, icon, iconcls, url, locked, createby, createdate, updateby, updatedate ) values (1539, 1457, '首页幻灯片', '首页幻灯片', null, 'A', null, '1|3|1428|1457|1539|', 1, '', null, null, null, 0, 'root', '2013-09-29 16:07:26', 'root', null);
 insert into sys_tree (id, parent, name, nodedesc, cacheflag, discriminator, moveable, treeid, sort, code, icon, iconcls, url, locked, createby, createdate, updateby, updatedate ) values (2047, 1444, '默认封面设置', '默认封面设置', null, 'A', null, '1|3|1428|1444|2047|', 1, '', null, null, null, 1, 'root', '2013-10-01 09:35:46', 'root', null);
 insert into sys_tree (id, parent, name, nodedesc, cacheflag, discriminator, moveable, treeid, sort, code, icon, iconcls, url, locked, createby, createdate, updateby, updatedate ) values (5066, 1428, '微活动', '微活动', null, 'A', null, '1|3|1428|5066|', 1, '', null, null, null, 0, 'root', '2013-10-31 19:58:34', 'root', null);
 insert into sys_tree (id, parent, name, nodedesc, cacheflag, discriminator, moveable, treeid, sort, code, icon, iconcls, url, locked, createby, createdate, updateby, updatedate ) values (46846, 8, '缓存管理', '缓存管理', null, 'A', null, '1|3|8|46846|', 1, '', null, null, null, 0, 'root', '2013-11-08 20:26:11', 'root', null);
 insert into sys_tree (id, parent, name, nodedesc, cacheflag, discriminator, moveable, treeid, sort, code, icon, iconcls, url, locked, createby, createdate, updateby, updatedate ) values (167762, 1491, '缓存管理', '缓存管理', null, 'A', null, '1|3|1428|1491|167762|', 1, '', null, null, null, 0, 'root', '2013-11-10 16:01:13', null, null);
 insert into sys_tree (id, parent, name, nodedesc, cacheflag, discriminator, moveable, treeid, sort, code, icon, iconcls, url, locked, createby, createdate, updateby, updatedate ) values (5085, 5066, '会员卡', '会员卡', null, 'A', null, '1|3|1428|5066|5085|', 1, '', null, null, null, 0, 'root', '2013-10-31 20:00:28', 'root', null);
 insert into sys_tree (id, parent, name, nodedesc, cacheflag, discriminator, moveable, treeid, sort, code, icon, iconcls, url, locked, createby, createdate, updateby, updatedate ) values (169338, 5, '网站用户', 'D', null, 'D', null, '1|2|5|169338|', 1, 'website', null, null, null, 0, null, '2013-11-12 18:09:55', null, null);
 insert into sys_tree (id, parent, name, nodedesc, cacheflag, discriminator, moveable, treeid, sort, code, icon, iconcls, url, locked, createby, createdate, updateby, updatedate ) values (3878, 169338, '生活购物', 'D', null, 'D', null, '1|2|5|169338|3878|', 1, '', null, null, null, 0, 'root', '2013-10-26 12:22:13', 'root', null);
 insert into sys_tree (id, parent, name, nodedesc, cacheflag, discriminator, moveable, treeid, sort, code, icon, iconcls, url, locked, createby, createdate, updateby, updatedate ) values (169626, 1491, '我的资料', '我的资料', null, 'A', null, '1|3|1428|1491|169626|', 1, '', null, null, null, 0, 'root', '2013-11-13 10:15:23', 'root', null);
 insert into sys_tree (id, parent, name, nodedesc, cacheflag, discriminator, moveable, treeid, sort, code, icon, iconcls, url, locked, createby, createdate, updateby, updatedate ) values (1451, 1457, '微菜单', '微菜单', null, 'A', null, '1|3|1428|1457|1451|', 1, '', null, null, null, 0, 'root', '2013-09-28 16:23:18', 'root', null);
 insert into sys_tree (id, parent, name, nodedesc, cacheflag, discriminator, moveable, treeid, sort, code, icon, iconcls, url, locked, createby, createdate, updateby, updatedate ) values (2715, 1545, '列表页模板风格设定', '列表页模板风格设定', null, 'A', null, '1|3|1428|1545|2715|', 1, '', null, null, null, 0, 'root', '2013-10-11 15:42:17', null, null);
 insert into sys_tree (id, parent, name, nodedesc, cacheflag, discriminator, moveable, treeid, sort, code, icon, iconcls, url, locked, createby, createdate, updateby, updatedate ) values (2721, 1545, '详细页模板风格设定', '详细页模板风格设定', null, 'A', null, '1|3|1428|1545|2721|', 1, '', null, null, null, 0, 'root', '2013-10-11 15:42:41', null, null);
 insert into sys_tree (id, parent, name, nodedesc, cacheflag, discriminator, moveable, treeid, sort, code, icon, iconcls, url, locked, createby, createdate, updateby, updatedate ) values (1545, 1428, '模板管理', '模板管理', null, 'A', null, '1|3|1428|1545|', 1, '', null, null, null, 0, 'root', '2013-09-29 16:08:21', 'root', null);


 insert into sys_department (id, name, deptdesc, createtime, sort, deptno, code, code2, status, fincode, nodeid, createby, deptlevel, updateby, updatedate ) values (6, '系统管理', '系统管理', null, 284, 'JS000', 'JS', 'J', 0, 'JS000', 6, null, 0, 'root', '2013-10-31 20:00:54');
 insert into sys_department (id, name, deptdesc, createtime, sort, deptno, code, code2, status, fincode, nodeid, createby, deptlevel, updateby, updatedate ) values (169337, '网站用户', '网站用户', '2013-11-12 18:09:55', 169337, 'website', 'website', 'website', 0, null, 169338, null, 0, null, null);
 insert into sys_department (id, name, deptdesc, createtime, sort, deptno, code, code2, status, fincode, nodeid, createby, deptlevel, updateby, updatedate ) values (2409, '城市门户', '城市门户', '2013-10-03 16:41:59', 2409, 'wechat', 'wechat', 'WX', 0, null, 2410, 'root', 0, 'root', '2013-11-12 18:14:27');
 insert into sys_department (id, name, deptdesc, createtime, sort, deptno, code, code2, status, fincode, nodeid, createby, deptlevel, updateby, updatedate ) values (3863, '个人自媒体', '个人自媒体', '2013-10-26 12:18:44', 3863, '', '', '', 0, null, 3864, 'root', 0, 'root', '2013-11-12 18:14:37');
 insert into sys_department (id, name, deptdesc, createtime, sort, deptno, code, code2, status, fincode, nodeid, createby, deptlevel, updateby, updatedate ) values (3872, '企业微站', '企业微站', '2013-10-26 12:21:57', 3872, '', '', '', 0, null, 3873, 'root', 0, 'root', '2013-11-12 18:14:51');
 insert into sys_department (id, name, deptdesc, createtime, sort, deptno, code, code2, status, fincode, nodeid, createby, deptlevel, updateby, updatedate ) values (3877, '生活购物', '生活购物', '2013-10-26 12:22:13', 3877, '', '', '', 0, null, 3878, 'root', 0, 'root', '2013-11-12 18:14:58');
 insert into sys_department (id, name, deptdesc, createtime, sort, deptno, code, code2, status, fincode, nodeid, createby, deptlevel, updateby, updatedate ) values (3882, '新闻媒体', '新闻媒体', '2013-10-26 12:22:27', 3882, '', '', '', 0, null, 3883, 'root', 0, 'root', '2013-11-12 18:15:06');
 insert into sys_department (id, name, deptdesc, createtime, sort, deptno, code, code2, status, fincode, nodeid, createby, deptlevel, updateby, updatedate ) values (3887, '影音娱乐', '影音娱乐', '2013-10-26 12:22:44', 3887, '', '', '', 0, null, 3888, 'root', 0, 'root', '2013-11-12 18:15:14');
 insert into sys_department (id, name, deptdesc, createtime, sort, deptno, code, code2, status, fincode, nodeid, createby, deptlevel, updateby, updatedate ) values (3892, '政务官微', '政务官微', '2013-10-26 12:23:00', 3892, '', '', '', 0, null, 3893, 'root', 0, 'root', '2013-11-12 18:15:21');


 insert into sys_user (id, account, password, code, name, blocked, createtime, lastlogintime, lastloginip, evection, mobile, email, telephone, gender, headship, usertype, fax, accounttype, dumpflag, deptid, adminflag, superiorids, logincount, ischangepassword, lastchangepassworddate, createby, updateby, updatedate ) values (5556, 'weiwang800', 'hb0+ZX2dYOIz9lk+IAMU', 'weiwang800', '微网', 0, '2013-11-04 10:56:58', '2013-11-06 09:24:18', null, 0, '', '', '', 0, '', 0, null, 2, 0, 2409, null, '', 5, null, null, 'root', 'root', '2013-11-04 11:06:01');
 insert into sys_user (id, account, password, code, name, blocked, createtime, lastlogintime, lastloginip, evection, mobile, email, telephone, gender, headship, usertype, fax, accounttype, dumpflag, deptid, adminflag, superiorids, logincount, ischangepassword, lastchangepassworddate, createby, updateby, updatedate ) values (5611, 'weishang800', 'oPrD84Oiq3ph30z2XMoW', 'weishang800', '微商800', 0, '2013-11-04 15:15:09', '2013-11-21 11:50:21', null, 0, '', '', '', 0, '', 0, null, 2, 0, 2409, null, '', 68, null, null, 'root', 'root', '2013-11-04 15:15:45');
 insert into sys_user (id, account, password, code, name, blocked, createtime, lastlogintime, lastloginip, evection, mobile, email, telephone, gender, headship, usertype, fax, accounttype, dumpflag, deptid, adminflag, superiorids, logincount, ischangepassword, lastchangepassworddate, createby, updateby, updatedate ) values (234123, '1730338041', 'pzB2XNaYKFmJI7iWHeOZ', '1730338041', '小鑫护肤', 0, '2013-11-14 20:54:25', '2013-11-14 20:54:25', null, 0, '13284604692', '1730338041@qq.com', null, 0, null, 0, null, 2, 0, 2409, null, null, null, null, null, 'website', 'website', null);
 insert into sys_user (id, account, password, code, name, blocked, createtime, lastlogintime, lastloginip, evection, mobile, email, telephone, gender, headship, usertype, fax, accounttype, dumpflag, deptid, adminflag, superiorids, logincount, ischangepassword, lastchangepassworddate, createby, updateby, updatedate ) values (291328, 'openarm', 's6QcXEubGf1I0Xsdo3vR', 'openarm', 'Cliff', 0, '2013-11-17 16:24:00', '2013-11-19 10:43:16', null, 0, '', 'cliff@openarm.com', null, 0, null, 0, null, 2, 0, 3863, null, null, 5, null, null, 'website', 'website', null);
 insert into sys_user (id, account, password, code, name, blocked, createtime, lastlogintime, lastloginip, evection, mobile, email, telephone, gender, headship, usertype, fax, accounttype, dumpflag, deptid, adminflag, superiorids, logincount, ischangepassword, lastchangepassworddate, createby, updateby, updatedate ) values (3491, 'topbroad', 'cwOr2fSIdVW+XnioJ1SE', 'topbroad', '拓博科技', 0, '2013-10-23 22:09:12', '2013-11-07 16:23:13', null, 0, '', '', '', 0, '', 0, null, 2, 0, 2409, null, 'root', 42, null, null, 'root', 'root', '2013-10-28 20:55:15');
 insert into sys_user (id, account, password, code, name, blocked, createtime, lastlogintime, lastloginip, evection, mobile, email, telephone, gender, headship, usertype, fax, accounttype, dumpflag, deptid, adminflag, superiorids, logincount, ischangepassword, lastchangepassworddate, createby, updateby, updatedate ) values (2431, 'joy', 'lueSGJZetyySpUndWjMB', 'joy', 'joy', 0, '2013-10-03 16:43:57', '2013-11-05 20:57:12', null, 0, '', '', '', 0, '', 0, null, 2, 0, 2409, null, '', 18, null, null, 'root', 'root', '2013-10-12 10:52:15');
 insert into sys_user (id, account, password, code, name, blocked, createtime, lastlogintime, lastloginip, evection, mobile, email, telephone, gender, headship, usertype, fax, accounttype, dumpflag, deptid, adminflag, superiorids, logincount, ischangepassword, lastchangepassworddate, createby, updateby, updatedate ) values (234582, '', '', '', '', 0, '2013-11-14 21:24:29', '2013-11-14 21:24:29', null, 0, '', '', null, 0, null, 0, null, 2, 0, 169337, null, null, null, null, null, 'website', 'website', null);
 insert into sys_user (id, account, password, code, name, blocked, createtime, lastlogintime, lastloginip, evection, mobile, email, telephone, gender, headship, usertype, fax, accounttype, dumpflag, deptid, adminflag, superiorids, logincount, ischangepassword, lastchangepassworddate, createby, updateby, updatedate ) values (169437, 'jior2012', 'lueSGJZetyySpUndWjMB', 'jior2012', '', 0, '2013-11-12 18:13:19', '2013-11-13 10:11:19', null, 0, '', 'jior2008@gmail.com', null, 0, null, 0, null, 2, 0, 169337, null, null, 3, null, null, 'website', 'website', null);
 insert into sys_user (id, account, password, code, name, blocked, createtime, lastlogintime, lastloginip, evection, mobile, email, telephone, gender, headship, usertype, fax, accounttype, dumpflag, deptid, adminflag, superiorids, logincount, ischangepassword, lastchangepassworddate, createby, updateby, updatedate ) values (170638, 'heyidesign', 'mGXs2Tlx9fmoIMxy/+NX', 'heyidesign', 'heyidesign', 0, '2013-11-13 21:16:02', '2013-11-13 22:29:02', null, 0, '', 'cby1978@sina.com', null, 0, null, 0, null, 2, 0, 3872, null, null, 3, null, null, 'website', 'website', null);
 insert into sys_user (id, account, password, code, name, blocked, createtime, lastlogintime, lastloginip, evection, mobile, email, telephone, gender, headship, usertype, fax, accounttype, dumpflag, deptid, adminflag, superiorids, logincount, ischangepassword, lastchangepassworddate, createby, updateby, updatedate ) values (170153, 'lingxiaqidu', '4QrcOUm6Wau+VuBX8g+I', 'lingxiaqidu', 'lingxiaqidu', 0, '2013-11-13 16:48:58', '2013-11-13 16:49:08', null, 0, '15813749592', 'zhangqiair@163.com', null, 0, null, 0, null, 2, 0, 3863, null, null, 1, null, null, 'website', 'website', null);
 insert into sys_user (id, account, password, code, name, blocked, createtime, lastlogintime, lastloginip, evection, mobile, email, telephone, gender, headship, usertype, fax, accounttype, dumpflag, deptid, adminflag, superiorids, logincount, ischangepassword, lastchangepassworddate, createby, updateby, updatedate ) values (292870, 'tpwalking', '+oZCto4moQKqTsaLXKZ5', null, 'ben', 0, '2013-11-19 16:50:55', '2013-11-20 18:28:00', null, 0, '18144833177', 'tpwalking@sina.com', null, 0, null, 0, null, 2, 0, 3872, null, null, 3, 2, '2013-11-19 16:52:49', 'website', 'tpwalking', '2013-11-19 16:52:49');
 insert into sys_user (id, account, password, code, name, blocked, createtime, lastlogintime, lastloginip, evection, mobile, email, telephone, gender, headship, usertype, fax, accounttype, dumpflag, deptid, adminflag, superiorids, logincount, ischangepassword, lastchangepassworddate, createby, updateby, updatedate ) values (169065, 'tdj699', 'y2qnYuGoY5yfPkXfLAFj', 'tdj699', 'tdj699', 0, '2013-11-12 16:57:18', '2013-11-12 16:59:26', null, 0, '', '', '', 1, '', 0, null, 2, 0, 2409, null, '', 3, null, null, 'root', 'root', '2013-11-12 16:58:25');
 insert into sys_user (id, account, password, code, name, blocked, createtime, lastlogintime, lastloginip, evection, mobile, email, telephone, gender, headship, usertype, fax, accounttype, dumpflag, deptid, adminflag, superiorids, logincount, ischangepassword, lastchangepassworddate, createby, updateby, updatedate ) values (169582, 'test', 'lueSGJZetyySpUndWjMB', 'test', '测试', 0, '2013-11-13 10:11:46', '2013-11-13 10:27:08', null, 0, '13800000000', '111@163.com', '', 0, null, 0, null, 2, 0, 2409, null, null, 7, null, null, 'website', 'test', '2013-11-13 10:26:10');
 insert into sys_user (id, account, password, code, name, blocked, createtime, lastlogintime, lastloginip, evection, mobile, email, telephone, gender, headship, usertype, fax, accounttype, dumpflag, deptid, adminflag, superiorids, logincount, ischangepassword, lastchangepassworddate, createby, updateby, updatedate ) values (169339, 'jior2008', 'lueSGJZetyySpUndWjMB', 'jior2008', '', 0, '2013-11-12 18:10:10', '2013-11-12 18:10:10', null, 0, '', 'jior2008@gmail.com', null, 0, null, 0, null, 2, 0, 169337, null, null, null, null, null, 'website', 'website', null);
 insert into sys_user (id, account, password, code, name, blocked, createtime, lastlogintime, lastloginip, evection, mobile, email, telephone, gender, headship, usertype, fax, accounttype, dumpflag, deptid, adminflag, superiorids, logincount, ischangepassword, lastchangepassworddate, createby, updateby, updatedate ) values (169837, 'ys89421', 'R1exKL06WsywpWjYTodX', 'ys89421', '杨晨曦', 0, '2013-11-13 10:35:16', '2013-11-13 10:35:29', null, 0, '15319446565', '420072863@qq.com', null, 0, null, 0, null, 2, 0, 2409, null, null, 1, null, null, 'website', 'website', null);
 insert into sys_user (id, account, password, code, name, blocked, createtime, lastlogintime, lastloginip, evection, mobile, email, telephone, gender, headship, usertype, fax, accounttype, dumpflag, deptid, adminflag, superiorids, logincount, ischangepassword, lastchangepassworddate, createby, updateby, updatedate ) values (6045, 'linzihan0618', 'DN/+RgcD5+iU54Q3UE8d', 'linzihan0618', '', 0, '2013-11-06 21:04:13', '2013-11-21 09:33:38', null, 0, '', '', '', 0, '', 0, null, 2, 0, 2409, null, '', 5, null, null, 'root', 'root', '2013-11-06 21:06:57');
 insert into sys_user (id, account, password, code, name, blocked, createtime, lastlogintime, lastloginip, evection, mobile, email, telephone, gender, headship, usertype, fax, accounttype, dumpflag, deptid, adminflag, superiorids, logincount, ischangepassword, lastchangepassworddate, createby, updateby, updatedate ) values (235074, 'mumu1029', '4QrcOUm6Wau+VuBX8g+I', 'mumu1029', '陈强', 0, '2013-11-15 10:44:16', '2013-11-15 10:44:35', null, 0, '13576068860', '571330640@qq.com', null, 0, null, 0, null, 2, 0, 3872, null, null, 2, null, null, 'website', 'website', null);
 insert into sys_user (id, account, password, code, name, blocked, createtime, lastlogintime, lastloginip, evection, mobile, email, telephone, gender, headship, usertype, fax, accounttype, dumpflag, deptid, adminflag, superiorids, logincount, ischangepassword, lastchangepassworddate, createby, updateby, updatedate ) values (171265, 'wangfa', 'PCBU68gInMKxs2yYPVrc', 'wangfa', 'wangfa', 0, '2013-11-13 23:48:10', '2013-11-13 23:48:18', null, 0, '', '413352214@qq.com', null, 0, null, 0, null, 2, 0, 3863, null, null, 1, null, null, 'website', 'website', null);
 insert into sys_user (id, account, password, code, name, blocked, createtime, lastlogintime, lastloginip, evection, mobile, email, telephone, gender, headship, usertype, fax, accounttype, dumpflag, deptid, adminflag, superiorids, logincount, ischangepassword, lastchangepassworddate, createby, updateby, updatedate ) values (234556, 'q123456', '4QrcOUm6Wau+VuBX8g+I', 'q123456', 'wqw131050', 0, '2013-11-14 21:12:03', '2013-11-16 19:12:49', null, 0, '', '137917044@qq.com', null, 0, null, 0, null, 2, 0, 3877, null, null, 4, 2, '2013-11-14 21:44:07', 'website', 'q123456', '2013-11-14 21:44:07');
 insert into sys_user (id, account, password, code, name, blocked, createtime, lastlogintime, lastloginip, evection, mobile, email, telephone, gender, headship, usertype, fax, accounttype, dumpflag, deptid, adminflag, superiorids, logincount, ischangepassword, lastchangepassworddate, createby, updateby, updatedate ) values (292907, 'gzweike', 'KTDYivCobo8FNFn4SXAp', null, '阿中', 0, '2013-11-20 11:36:27', '2013-11-21 10:31:22', null, 0, '13360583858', 'cz020@qq.com', null, 0, null, 0, null, 2, 0, 3863, null, null, 4, null, null, 'website', 'website', null);
 insert into sys_user (id, account, password, code, name, blocked, createtime, lastlogintime, lastloginip, evection, mobile, email, telephone, gender, headship, usertype, fax, accounttype, dumpflag, deptid, adminflag, superiorids, logincount, ischangepassword, lastchangepassworddate, createby, updateby, updatedate ) values (169530, 'amcol', '4QrcOUm6Wau+VuBX8g+I', 'amcol', '张生', 0, '2013-11-12 22:33:43', '2013-11-21 10:55:37', null, 0, '13709690626', '1744971212@qq.com', '', 0, null, 0, null, 2, 0, 3863, null, null, 17, null, null, 'website', 'amcol', '2013-11-13 18:23:22');
 insert into sys_user (id, account, password, code, name, blocked, createtime, lastlogintime, lastloginip, evection, mobile, email, telephone, gender, headship, usertype, fax, accounttype, dumpflag, deptid, adminflag, superiorids, logincount, ischangepassword, lastchangepassworddate, createby, updateby, updatedate ) values (3987, 'weibannet', 's3fCXP0B4lAVRouvbJdO', 'weibannet', '微邦网络', 0, '2013-10-26 17:43:49', '2013-12-06 10:43:15', null, 0, '', '', '', 0, '', 0, null, 2, 0, 3872, null, 'root', 240, null, null, 'root', 'root', '2013-10-26 17:51:23');
 insert into sys_user (id, account, password, code, name, blocked, createtime, lastlogintime, lastloginip, evection, mobile, email, telephone, gender, headship, usertype, fax, accounttype, dumpflag, deptid, adminflag, superiorids, logincount, ischangepassword, lastchangepassworddate, createby, updateby, updatedate ) values (1, 'root', 'lueSGJZetyySpUndWjMB', 'root', 'root', 0, null, '2013-12-06 14:56:46', '127.0.0.1', 0, '111', 'root@127.0.0.1', '111', 0, '管理员', 40, null, 0, 0, 6, '1', null, 334, 2, '2013-11-26 14:59:44', null, 'root', '2013-11-28 11:03:01');


 insert into sys_application (id, name, code, appdesc, url, sort, showmenu, nodeid, locked, createby, createdate, updateby, updatedate ) values (3, '应用模块', null, '应用模块', '', 3, 1, 3, 0, null, null, null, null);
 insert into sys_application (id, name, code, appdesc, url, sort, showmenu, nodeid, locked, createby, createdate, updateby, updatedate ) values (8, '系统管理', null, '系统管理', '', 5, 1, 8, 0, null, null, null, null);
 insert into sys_application (id, name, code, appdesc, url, sort, showmenu, nodeid, locked, createby, createdate, updateby, updatedate ) values (9, '基础数据', null, '基础数据', '', 30, 1, 4, 0, null, null, null, null);
 insert into sys_application (id, name, code, appdesc, url, sort, showmenu, nodeid, locked, createby, createdate, updateby, updatedate ) values (10, '安全设置', null, '', '', 14, 2, 10, 0, null, null, null, null);
 insert into sys_application (id, name, code, appdesc, url, sort, showmenu, nodeid, locked, createby, createdate, updateby, updatedate ) values (11, '系统目录', null, '', '/sys/tree.do?method=showMain', 10, 2, 11, 0, null, null, null, null);
 insert into sys_application (id, name, code, appdesc, url, sort, showmenu, nodeid, locked, createby, createdate, updateby, updatedate ) values (16, '字典管理', null, '', '/sys/dictory.do?method=showFrame', 15, 2, 16, 0, null, null, null, null);
 insert into sys_application (id, name, code, appdesc, url, sort, showmenu, nodeid, locked, createby, createdate, updateby, updatedate ) values (20, '个人设置', null, '', '', 15, 2, 20, 0, null, null, null, null);
 insert into sys_application (id, name, code, appdesc, url, sort, showmenu, nodeid, locked, createby, createdate, updateby, updatedate ) values (21, '修改密码', null, '', '/identity/user.do?method=prepareModifyPwd', 15, 2, 21, 0, null, null, null, null);
 insert into sys_application (id, name, code, appdesc, url, sort, showmenu, nodeid, locked, createby, createdate, updateby, updatedate ) values (22, '修改个人信息', null, '', '/identity/user.do?method=prepareModifyInfo', 15, 2, 22, 0, null, null, null, null);
 insert into sys_application (id, name, code, appdesc, url, sort, showmenu, nodeid, locked, createby, createdate, updateby, updatedate ) values (26, '数据重载', null, '', '/sys/dictory.do?method=loadDictory', 10, 2, 26, 0, null, null, null, null);
 insert into sys_application (id, name, code, appdesc, url, sort, showmenu, nodeid, locked, createby, createdate, updateby, updatedate ) values (36, '流程监控', null, '流程监控', '/mx/jbpm/tree', 36, 1, 438, 0, null, null, null, null);
 insert into sys_application (id, name, code, appdesc, url, sort, showmenu, nodeid, locked, createby, createdate, updateby, updatedate ) values (435, '流程发布', null, '', '/mx/jbpm/deploy', 435, 1, 435, 0, null, null, null, null);
 insert into sys_application (id, name, code, appdesc, url, sort, showmenu, nodeid, locked, createby, createdate, updateby, updatedate ) values (437, '流程演示', null, '', '/workflow/test/index.jsp', 437, 1, 437, 0, null, null, null, null);
 insert into sys_application (id, name, code, appdesc, url, sort, showmenu, nodeid, locked, createby, createdate, updateby, updatedate ) values (450, '系统参数', null, '系统参数', '/mx/sys/property/edit?category=SYS', 450, 1, 450, 0, null, null, null, null);
 insert into sys_application (id, name, code, appdesc, url, sort, showmenu, nodeid, locked, createby, createdate, updateby, updatedate ) values (452, '邮件服务设置', null, '邮件服务设置', '/mx/sys/mailConfig', 452, 1, 452, 0, null, null, null, null);
 insert into sys_application (id, name, code, appdesc, url, sort, showmenu, nodeid, locked, createby, createdate, updateby, updatedate ) values (71, '内容管理', null, '', '', 1, 1, 701, 0, null, null, null, null);
 insert into sys_application (id, name, code, appdesc, url, sort, showmenu, nodeid, locked, createby, createdate, updateby, updatedate ) values (72, '新闻管理', null, '', '/mx/cms/info?serviceKey=news', 2, 1, 702, 0, null, null, null, null);
 insert into sys_application (id, name, code, appdesc, url, sort, showmenu, nodeid, locked, createby, createdate, updateby, updatedate ) values (73, '公告管理', null, '', '/mx/cms/info?serviceKey=bulletin', 3, 1, 703, 0, null, null, null, null);
 insert into sys_application (id, name, code, appdesc, url, sort, showmenu, nodeid, locked, createby, createdate, updateby, updatedate ) values (15, '模块管理', '', '', '/sys/application.do', 12, 2, 15, 0, null, null, 'root', '2013-09-25 14:34:27');
 insert into sys_application (id, name, code, appdesc, url, sort, showmenu, nodeid, locked, createby, createdate, updateby, updatedate ) values (14, '角色管理', '', '', '/sys/role.do', 15, 2, 14, 0, null, null, 'root', '2013-09-25 14:34:36');
 insert into sys_application (id, name, code, appdesc, url, sort, showmenu, nodeid, locked, createby, createdate, updateby, updatedate ) values (12, '部门管理', '', '', '/sys/department.do', 20, 2, 12, 0, null, null, 'root', '2013-09-25 14:34:45');
 insert into sys_application (id, name, code, appdesc, url, sort, showmenu, nodeid, locked, createby, createdate, updateby, updatedate ) values (34, '流程管理', '', '工作流管理', '', 0, 1, 34, 1, null, null, 'root', '2013-09-28 13:16:57');
 insert into sys_application (id, name, code, appdesc, url, sort, showmenu, nodeid, locked, createby, createdate, updateby, updatedate ) values (1427, '微信应用', 'WeChat', '微信应用', '', 1427, 1, 1428, 0, 'root', '2013-09-28 16:21:29', null, null);
 insert into sys_application (id, name, code, appdesc, url, sort, showmenu, nodeid, locked, createby, createdate, updateby, updatedate ) values (1443, '微回复', '', '微回复', '', 1443, 1, 1444, 0, 'root', '2013-09-28 16:22:44', 'root', '2013-09-29 15:34:59');
 insert into sys_application (id, name, code, appdesc, url, sort, showmenu, nodeid, locked, createby, createdate, updateby, updatedate ) values (1456, '微官网', '', '微官网', '', 1456, 1, 1457, 0, 'root', '2013-09-28 16:23:35', 'root', '2013-09-29 15:35:52');
 insert into sys_application (id, name, code, appdesc, url, sort, showmenu, nodeid, locked, createby, createdate, updateby, updatedate ) values (1497, '接口设置', '', '接口设置', '/mx/wx/wxConfig/edit', 1497, 1, 1498, 0, 'root', '2013-09-29 15:38:03', 'root', '2013-09-29 15:38:41');
 insert into sys_application (id, name, code, appdesc, url, sort, showmenu, nodeid, locked, createby, createdate, updateby, updatedate ) values (1632, '网站基本信息', '', '网站基本信息', '/mx/wx/wxSiteInfo/edit', 1632, 1, 1633, 0, 'root', '2013-09-29 18:45:47', null, null);
 insert into sys_application (id, name, code, appdesc, url, sort, showmenu, nodeid, locked, createby, createdate, updateby, updatedate ) values (1652, '关注时回复', '', '关注时回复', '/mx/wx/wxContent?type=F', 1652, 1, 1653, 0, 'root', '2013-09-29 19:10:55', null, null);
 insert into sys_application (id, name, code, appdesc, url, sort, showmenu, nodeid, locked, createby, createdate, updateby, updatedate ) values (1658, '默认回复', '', '默认回复', '/mx/wx/wxContent?type=D', 1658, 1, 1659, 0, 'root', '2013-09-29 19:11:33', null, null);
 insert into sys_application (id, name, code, appdesc, url, sort, showmenu, nodeid, locked, createby, createdate, updateby, updatedate ) values (1664, '关键字回复', '', '关键字回复', '/mx/wx/wxContent?type=K', 1664, 1, 1665, 0, 'root', '2013-09-29 19:11:59', null, null);
 insert into sys_application (id, name, code, appdesc, url, sort, showmenu, nodeid, locked, createby, createdate, updateby, updatedate ) values (1670, 'LBS回复', '', 'LBS回复', '/mx/wx/wxContent?type=L', 1670, 1, 1671, 0, 'root', '2013-09-29 19:12:19', null, null);
 insert into sys_application (id, name, code, appdesc, url, sort, showmenu, nodeid, locked, createby, createdate, updateby, updatedate ) values (1524, '修改密码', '', '修改密码', '/mx/wx/wxUser/prepareModifyPwd', 1524, 1, 1525, 0, 'root', '2013-09-29 16:02:13', 'root', '2013-09-30 17:10:33');
 insert into sys_application (id, name, code, appdesc, url, sort, showmenu, nodeid, locked, createby, createdate, updateby, updatedate ) values (512, '授权管理', '', '', '/sys/sysUserRole.do?method=showUsers', 512, 2, 512, 1, null, null, 'root', '2013-10-03 16:39:18');
 insert into sys_application (id, name, code, appdesc, url, sort, showmenu, nodeid, locked, createby, createdate, updateby, updatedate ) values (449, '工作日历', '', '工作日历', '/sys/workCalendar.do?method=showList', 449, 1, 449, 1, null, null, 'root', '2013-10-03 16:39:42');
 insert into sys_application (id, name, code, appdesc, url, sort, showmenu, nodeid, locked, createby, createdate, updateby, updatedate ) values (494, 'TODO配置', '', '', '/sys/todo.do?method=showList', 494, 1, 494, 1, null, null, 'root', '2013-10-03 16:39:55');
 insert into sys_application (id, name, code, appdesc, url, sort, showmenu, nodeid, locked, createby, createdate, updateby, updatedate ) values (2708, '首页模板风格设定', '', '首页模板风格设定', '/mx/wx/wxTemplate/settings?type=0', 2708, 1, 2709, 0, 'root', '2013-10-11 15:41:54', null, null);
 insert into sys_application (id, name, code, appdesc, url, sort, showmenu, nodeid, locked, createby, createdate, updateby, updatedate ) values (2714, '列表页模板风格设定', '', '列表页模板风格设定', '/mx/wx/wxTemplate/settings?type=1', 2714, 1, 2715, 0, 'root', '2013-10-11 15:42:17', null, null);
 insert into sys_application (id, name, code, appdesc, url, sort, showmenu, nodeid, locked, createby, createdate, updateby, updatedate ) values (2720, '详细页模板风格设定', '', '详细页模板风格设定', '/mx/wx/wxTemplate/settings?type=2', 2720, 1, 2721, 0, 'root', '2013-10-11 15:42:41', null, null);
 insert into sys_application (id, name, code, appdesc, url, sort, showmenu, nodeid, locked, createby, createdate, updateby, updatedate ) values (1698, '栏目管理', '', '栏目管理', '/mx/wx/wxCategory?type=category', 1698, 1, 1699, 0, 'root', '2013-09-29 19:47:21', 'root', '2013-10-27 17:41:39');
 insert into sys_application (id, name, code, appdesc, url, sort, showmenu, nodeid, locked, createby, createdate, updateby, updatedate ) values (1555, '素材管理', '', '素材管理', '/mx/wx/wxFile', 1555, 1, 1556, 0, 'root', '2013-09-29 16:09:27', 'root', '2013-10-27 17:42:13');
 insert into sys_application (id, name, code, appdesc, url, sort, showmenu, nodeid, locked, createby, createdate, updateby, updatedate ) values (5065, '微活动', '', '', '', 5065, 1, 5066, 0, 'root', '2013-10-31 19:58:34', 'root', '2013-11-01 09:33:26');
 insert into sys_application (id, name, code, appdesc, url, sort, showmenu, nodeid, locked, createby, createdate, updateby, updatedate ) values (46845, '缓存管理', '', '缓存管理', '/mx/sys/cacheMgr', 46845, 1, 46846, 0, 'root', '2013-11-08 20:26:11', 'root', '2013-11-08 20:27:02');
 insert into sys_application (id, name, code, appdesc, url, sort, showmenu, nodeid, locked, createby, createdate, updateby, updatedate ) values (5084, '会员卡', '', '会员卡', '/mx/wx/wxMember', 5084, 1, 5085, 0, 'root', '2013-10-31 20:00:28', 'root', '2013-11-10 18:24:41');
 insert into sys_application (id, name, code, appdesc, url, sort, showmenu, nodeid, locked, createby, createdate, updateby, updatedate ) values (495, '调度管理', '', '', '/sys/scheduler.do?method=showList', 495, 1, 495, 0, null, null, 'root', '2013-11-10 19:34:24');
 insert into sys_application (id, name, code, appdesc, url, sort, showmenu, nodeid, locked, createby, createdate, updateby, updatedate ) values (5071, '微反馈', '', '微反馈', '/mx/wx/wxMessage', 5071, 1, 5072, 0, 'root', '2013-10-31 19:59:17', 'root', '2013-11-11 21:08:50');
 insert into sys_application (id, name, code, appdesc, url, sort, showmenu, nodeid, locked, createby, createdate, updateby, updatedate ) values (5078, '微投票', '', '微投票', '/mx/wx/wxVote', 5078, 1, 5079, 0, 'root', '2013-10-31 19:59:56', 'root', '2013-11-11 21:08:57');
 insert into sys_application (id, name, code, appdesc, url, sort, showmenu, nodeid, locked, createby, createdate, updateby, updatedate ) values (1874, '微网站发布', '', '微网站发布', '/mx/wx/wxContent/treeList', 1874, 1, 1875, 0, 'root', '2013-09-30 11:42:42', 'root', '2013-11-13 14:15:38');
 insert into sys_application (id, name, code, appdesc, url, sort, showmenu, nodeid, locked, createby, createdate, updateby, updatedate ) values (169625, '我的资料', '', '修改个人资料', '/mx/wx/wxUser/prepareModifyInfo', 169625, 1, 169626, 0, 'root', '2013-11-13 10:15:23', 'root', '2013-11-14 22:28:26');
 insert into sys_application (id, name, code, appdesc, url, sort, showmenu, nodeid, locked, createby, createdate, updateby, updatedate ) values (1450, '微菜单', '', '微菜单', '/mx/wx/wxMenu?group=menu', 1450, 1, 1451, 0, 'root', '2013-09-28 16:23:18', 'root', '2013-11-22 09:54:02');
 insert into sys_application (id, name, code, appdesc, url, sort, showmenu, nodeid, locked, createby, createdate, updateby, updatedate ) values (2046, '默认封面设置', '', '默认封面设置', '/mx/wx/wxCover/edit', 2046, 1, 2047, 1, 'root', '2013-10-01 09:35:46', 'root', '2013-12-03 15:45:38');
 insert into sys_application (id, name, code, appdesc, url, sort, showmenu, nodeid, locked, createby, createdate, updateby, updatedate ) values (1490, '系统设定', '', '系统设定', '', 1490, 1, 1491, 1, 'root', '2013-09-29 15:36:31', 'root', '2013-11-22 09:54:36');
 insert into sys_application (id, name, code, appdesc, url, sort, showmenu, nodeid, locked, createby, createdate, updateby, updatedate ) values (1544, '模板管理', '', '模板管理', '', 1544, 1, 1545, 0, 'root', '2013-09-29 16:08:21', 'root', '2013-11-22 09:55:54');
 insert into sys_application (id, name, code, appdesc, url, sort, showmenu, nodeid, locked, createby, createdate, updateby, updatedate ) values (1538, '首页幻灯片', '', '首页幻灯片', '/mx/wx/wxContent/indexPPT', 1538, 1, 1539, 0, 'root', '2013-09-29 16:07:26', 'root', '2013-12-03 15:45:22');
 insert into sys_application (id, name, code, appdesc, url, sort, showmenu, nodeid, locked, createby, createdate, updateby, updatedate ) values (1437, '我的微站', '', '我的微站', '', 1437, 1, 1438, 1, 'root', '2013-09-28 16:22:25', 'root', '2013-12-03 15:43:59');


 insert into sys_dept_role (id, grade, code, sort, sysroleid, deptid, createby, createdate ) values (2423, 0, null, 0, 2415, 2409, null, '2013-10-03 16:43:13');
 insert into sys_dept_role (id, grade, code, sort, sysroleid, deptid, createby, createdate ) values (4009, 0, null, 0, 2415, 3872, null, '2013-10-26 17:46:07');
 insert into sys_dept_role (id, grade, code, sort, sysroleid, deptid, createby, createdate ) values (4165, 0, null, 0, 2415, 3863, null, '2013-10-26 18:00:14');
 insert into sys_dept_role (id, grade, code, sort, sysroleid, deptid, createby, createdate ) values (4175, 0, null, 0, 2415, 3877, null, '2013-10-26 18:01:10');
 insert into sys_dept_role (id, grade, code, sort, sysroleid, deptid, createby, createdate ) values (4181, 0, null, 0, 2415, 3882, null, '2013-10-26 18:01:38');
 insert into sys_dept_role (id, grade, code, sort, sysroleid, deptid, createby, createdate ) values (4187, 0, null, 0, 2415, 3887, null, '2013-10-26 18:02:07');
 insert into sys_dept_role (id, grade, code, sort, sysroleid, deptid, createby, createdate ) values (169662, 0, null, 0, 2415, 3892, null, '2013-11-13 10:16:48');
 insert into sys_dept_role (id, grade, code, sort, sysroleid, deptid, createby, createdate ) values (1, 0, null, 0, 15, 6, null, null);


 insert into sys_user_role (id, userid, roleid, authorized, authorizefrom, availdatestart, availdateend, processdescription, createby, createdate ) values (2, 1, 1, 1, 1, null, null, null, null, null);
 insert into sys_user_role (id, userid, roleid, authorized, authorizefrom, availdatestart, availdateend, processdescription, createby, createdate ) values (2442, 2431, 2423, 0, 0, null, null, null, 'root', '2013-10-03 16:44:23');
 insert into sys_user_role (id, userid, roleid, authorized, authorizefrom, availdatestart, availdateend, processdescription, createby, createdate ) values (3521, 3491, 2423, 0, 0, null, null, null, 'root', '2013-10-23 22:14:21');
 insert into sys_user_role (id, userid, roleid, authorized, authorizefrom, availdatestart, availdateend, processdescription, createby, createdate ) values (4067, 3987, 4009, 0, 0, null, null, null, 'root', '2013-10-26 17:50:01');
 insert into sys_user_role (id, userid, roleid, authorized, authorizefrom, availdatestart, availdateend, processdescription, createby, createdate ) values (5567, 5556, 2423, 0, 0, null, null, null, 'root', '2013-11-04 10:58:21');
 insert into sys_user_role (id, userid, roleid, authorized, authorizefrom, availdatestart, availdateend, processdescription, createby, createdate ) values (5635, 5611, 2423, 0, 0, null, null, null, 'root', '2013-11-04 15:19:43');
 insert into sys_user_role (id, userid, roleid, authorized, authorizefrom, availdatestart, availdateend, processdescription, createby, createdate ) values (6153, 6045, 2423, 0, 0, null, null, null, 'root', '2013-11-07 16:19:33');
 insert into sys_user_role (id, userid, roleid, authorized, authorizefrom, availdatestart, availdateend, processdescription, createby, createdate ) values (169070, 169065, 2423, 0, 0, null, null, null, 'root', '2013-11-12 16:57:28');
 insert into sys_user_role (id, userid, roleid, authorized, authorizefrom, availdatestart, availdateend, processdescription, createby, createdate ) values (169531, 169530, 4165, 0, 0, null, null, null, 'website', '2013-11-12 22:33:43');
 insert into sys_user_role (id, userid, roleid, authorized, authorizefrom, availdatestart, availdateend, processdescription, createby, createdate ) values (169583, 169582, 2423, 0, 0, null, null, null, 'website', '2013-11-13 10:11:46');
 insert into sys_user_role (id, userid, roleid, authorized, authorizefrom, availdatestart, availdateend, processdescription, createby, createdate ) values (169705, 1, 1, 0, 0, null, null, null, null, '2013-11-13 10:22:29');
 insert into sys_user_role (id, userid, roleid, authorized, authorizefrom, availdatestart, availdateend, processdescription, createby, createdate ) values (169838, 169837, 2423, 0, 0, null, null, null, 'website', '2013-11-13 10:35:16');
 insert into sys_user_role (id, userid, roleid, authorized, authorizefrom, availdatestart, availdateend, processdescription, createby, createdate ) values (170154, 170153, 4165, 0, 0, null, null, null, 'website', '2013-11-13 16:48:58');
 insert into sys_user_role (id, userid, roleid, authorized, authorizefrom, availdatestart, availdateend, processdescription, createby, createdate ) values (170639, 170638, 4009, 0, 0, null, null, null, 'website', '2013-11-13 21:16:02');
 insert into sys_user_role (id, userid, roleid, authorized, authorizefrom, availdatestart, availdateend, processdescription, createby, createdate ) values (171266, 171265, 4165, 0, 0, null, null, null, 'website', '2013-11-13 23:48:10');
 insert into sys_user_role (id, userid, roleid, authorized, authorizefrom, availdatestart, availdateend, processdescription, createby, createdate ) values (234124, 234123, 2423, 0, 0, null, null, null, 'website', '2013-11-14 20:54:25');
 insert into sys_user_role (id, userid, roleid, authorized, authorizefrom, availdatestart, availdateend, processdescription, createby, createdate ) values (234557, 234556, 4175, 0, 0, null, null, null, 'website', '2013-11-14 21:12:03');
 insert into sys_user_role (id, userid, roleid, authorized, authorizefrom, availdatestart, availdateend, processdescription, createby, createdate ) values (235075, 235074, 4009, 0, 0, null, null, null, 'website', '2013-11-15 10:44:16');
 insert into sys_user_role (id, userid, roleid, authorized, authorizefrom, availdatestart, availdateend, processdescription, createby, createdate ) values (291329, 291328, 4165, 0, 0, null, null, null, 'website', '2013-11-17 16:24:00');
 insert into sys_user_role (id, userid, roleid, authorized, authorizefrom, availdatestart, availdateend, processdescription, createby, createdate ) values (292871, 292870, 4009, 0, 0, null, null, null, 'website', '2013-11-19 16:50:55');
 insert into sys_user_role (id, userid, roleid, authorized, authorizefrom, availdatestart, availdateend, processdescription, createby, createdate ) values (292908, 292907, 4165, 0, 0, null, null, null, 'website', '2013-11-20 11:36:27');


 insert into sys_access (roleid, appid ) values (169662, 1427);
 insert into sys_access (roleid, appid ) values (169662, 1437);
 insert into sys_access (roleid, appid ) values (169662, 1632);
 insert into sys_access (roleid, appid ) values (169662, 1443);
 insert into sys_access (roleid, appid ) values (169662, 2046);
 insert into sys_access (roleid, appid ) values (169662, 1652);
 insert into sys_access (roleid, appid ) values (169662, 1658);
 insert into sys_access (roleid, appid ) values (169662, 1664);
 insert into sys_access (roleid, appid ) values (169662, 1670);
 insert into sys_access (roleid, appid ) values (169662, 1456);
 insert into sys_access (roleid, appid ) values (169662, 1874);
 insert into sys_access (roleid, appid ) values (169662, 1544);
 insert into sys_access (roleid, appid ) values (169662, 2708);
 insert into sys_access (roleid, appid ) values (169662, 2714);
 insert into sys_access (roleid, appid ) values (169662, 2720);
 insert into sys_access (roleid, appid ) values (169662, 1538);
 insert into sys_access (roleid, appid ) values (169662, 1698);
 insert into sys_access (roleid, appid ) values (169662, 1555);
 insert into sys_access (roleid, appid ) values (169662, 1490);
 insert into sys_access (roleid, appid ) values (169662, 1524);
 insert into sys_access (roleid, appid ) values (169662, 1497);
 insert into sys_access (roleid, appid ) values (169662, 169625);
 insert into sys_access (roleid, appid ) values (169662, 1450);
 insert into sys_access (roleid, appid ) values (169662, 5065);
 insert into sys_access (roleid, appid ) values (169662, 5071);
 insert into sys_access (roleid, appid ) values (169662, 5078);
 insert into sys_access (roleid, appid ) values (169662, 5084);
 insert into sys_access (roleid, appid ) values (4009, 1427);
 insert into sys_access (roleid, appid ) values (4009, 1437);
 insert into sys_access (roleid, appid ) values (4009, 1632);
 insert into sys_access (roleid, appid ) values (4009, 1443);
 insert into sys_access (roleid, appid ) values (4009, 2046);
 insert into sys_access (roleid, appid ) values (4009, 1652);
 insert into sys_access (roleid, appid ) values (4009, 1658);
 insert into sys_access (roleid, appid ) values (4009, 1664);
 insert into sys_access (roleid, appid ) values (4009, 1670);
 insert into sys_access (roleid, appid ) values (4009, 1456);
 insert into sys_access (roleid, appid ) values (4009, 1874);
 insert into sys_access (roleid, appid ) values (4009, 1544);
 insert into sys_access (roleid, appid ) values (4009, 2708);
 insert into sys_access (roleid, appid ) values (4009, 2714);
 insert into sys_access (roleid, appid ) values (4009, 2720);
 insert into sys_access (roleid, appid ) values (4009, 1538);
 insert into sys_access (roleid, appid ) values (4009, 1698);
 insert into sys_access (roleid, appid ) values (4187, 1427);
 insert into sys_access (roleid, appid ) values (4187, 1437);
 insert into sys_access (roleid, appid ) values (4187, 1632);
 insert into sys_access (roleid, appid ) values (4187, 1443);
 insert into sys_access (roleid, appid ) values (4187, 2046);
 insert into sys_access (roleid, appid ) values (4187, 1652);
 insert into sys_access (roleid, appid ) values (4187, 1658);
 insert into sys_access (roleid, appid ) values (4187, 1664);
 insert into sys_access (roleid, appid ) values (4187, 1670);
 insert into sys_access (roleid, appid ) values (4187, 1456);
 insert into sys_access (roleid, appid ) values (4187, 1874);
 insert into sys_access (roleid, appid ) values (4187, 1544);
 insert into sys_access (roleid, appid ) values (4187, 2708);
 insert into sys_access (roleid, appid ) values (4187, 2714);
 insert into sys_access (roleid, appid ) values (4187, 2720);
 insert into sys_access (roleid, appid ) values (4187, 1538);
 insert into sys_access (roleid, appid ) values (4187, 1698);
 insert into sys_access (roleid, appid ) values (4187, 1555);
 insert into sys_access (roleid, appid ) values (4187, 1490);
 insert into sys_access (roleid, appid ) values (4187, 1524);
 insert into sys_access (roleid, appid ) values (4187, 1497);
 insert into sys_access (roleid, appid ) values (4187, 169625);
 insert into sys_access (roleid, appid ) values (4187, 1450);
 insert into sys_access (roleid, appid ) values (4187, 5065);
 insert into sys_access (roleid, appid ) values (4187, 5071);
 insert into sys_access (roleid, appid ) values (4187, 5078);
 insert into sys_access (roleid, appid ) values (4187, 5084);
 insert into sys_access (roleid, appid ) values (4181, 1427);
 insert into sys_access (roleid, appid ) values (4181, 1437);
 insert into sys_access (roleid, appid ) values (4181, 1632);
 insert into sys_access (roleid, appid ) values (4181, 1443);
 insert into sys_access (roleid, appid ) values (4181, 2046);
 insert into sys_access (roleid, appid ) values (4181, 1652);
 insert into sys_access (roleid, appid ) values (4181, 1658);
 insert into sys_access (roleid, appid ) values (4181, 1664);
 insert into sys_access (roleid, appid ) values (4181, 1670);
 insert into sys_access (roleid, appid ) values (4181, 1456);
 insert into sys_access (roleid, appid ) values (4181, 1874);
 insert into sys_access (roleid, appid ) values (4181, 1544);
 insert into sys_access (roleid, appid ) values (4181, 2708);
 insert into sys_access (roleid, appid ) values (4181, 2714);
 insert into sys_access (roleid, appid ) values (4181, 2720);
 insert into sys_access (roleid, appid ) values (4181, 1538);
 insert into sys_access (roleid, appid ) values (4181, 1698);
 insert into sys_access (roleid, appid ) values (4181, 1555);
 insert into sys_access (roleid, appid ) values (4181, 1490);
 insert into sys_access (roleid, appid ) values (4181, 1524);
 insert into sys_access (roleid, appid ) values (4181, 1497);
 insert into sys_access (roleid, appid ) values (4181, 169625);
 insert into sys_access (roleid, appid ) values (4181, 1450);
 insert into sys_access (roleid, appid ) values (4181, 5065);
 insert into sys_access (roleid, appid ) values (4181, 5071);
 insert into sys_access (roleid, appid ) values (4181, 5078);
 insert into sys_access (roleid, appid ) values (4181, 5084);
 insert into sys_access (roleid, appid ) values (4175, 1427);
 insert into sys_access (roleid, appid ) values (4175, 1437);
 insert into sys_access (roleid, appid ) values (4175, 1632);
 insert into sys_access (roleid, appid ) values (4175, 1443);
 insert into sys_access (roleid, appid ) values (4175, 2046);
 insert into sys_access (roleid, appid ) values (4175, 1652);
 insert into sys_access (roleid, appid ) values (4175, 1658);
 insert into sys_access (roleid, appid ) values (4175, 1664);
 insert into sys_access (roleid, appid ) values (4175, 1670);
 insert into sys_access (roleid, appid ) values (4175, 1456);
 insert into sys_access (roleid, appid ) values (4175, 1874);
 insert into sys_access (roleid, appid ) values (4175, 1544);
 insert into sys_access (roleid, appid ) values (4175, 2708);
 insert into sys_access (roleid, appid ) values (4175, 2714);
 insert into sys_access (roleid, appid ) values (4175, 2720);
 insert into sys_access (roleid, appid ) values (4175, 1538);
 insert into sys_access (roleid, appid ) values (4175, 1698);
 insert into sys_access (roleid, appid ) values (4175, 1555);
 insert into sys_access (roleid, appid ) values (4175, 1490);
 insert into sys_access (roleid, appid ) values (4175, 1524);
 insert into sys_access (roleid, appid ) values (4175, 1497);
 insert into sys_access (roleid, appid ) values (4175, 169625);
 insert into sys_access (roleid, appid ) values (4175, 1450);
 insert into sys_access (roleid, appid ) values (4175, 5065);
 insert into sys_access (roleid, appid ) values (4175, 5071);
 insert into sys_access (roleid, appid ) values (4175, 5078);
 insert into sys_access (roleid, appid ) values (1, 34);
 insert into sys_access (roleid, appid ) values (1, 36);
 insert into sys_access (roleid, appid ) values (1, 437);
 insert into sys_access (roleid, appid ) values (1, 435);
 insert into sys_access (roleid, appid ) values (1, 10);
 insert into sys_access (roleid, appid ) values (1, 512);
 insert into sys_access (roleid, appid ) values (1, 12);
 insert into sys_access (roleid, appid ) values (1, 14);
 insert into sys_access (roleid, appid ) values (1, 15);
 insert into sys_access (roleid, appid ) values (1, 20);
 insert into sys_access (roleid, appid ) values (1, 21);
 insert into sys_access (roleid, appid ) values (1, 22);
 insert into sys_access (roleid, appid ) values (1, 8);
 insert into sys_access (roleid, appid ) values (1, 495);
 insert into sys_access (roleid, appid ) values (1, 494);
 insert into sys_access (roleid, appid ) values (1, 452);
 insert into sys_access (roleid, appid ) values (1, 450);
 insert into sys_access (roleid, appid ) values (1, 449);
 insert into sys_access (roleid, appid ) values (1, 26);
 insert into sys_access (roleid, appid ) values (1, 11);
 insert into sys_access (roleid, appid ) values (1, 16);
 insert into sys_access (roleid, appid ) values (1, 46845);
 insert into sys_access (roleid, appid ) values (1, 71);
 insert into sys_access (roleid, appid ) values (4009, 1555);
 insert into sys_access (roleid, appid ) values (4009, 1490);
 insert into sys_access (roleid, appid ) values (4009, 1524);
 insert into sys_access (roleid, appid ) values (4009, 1497);
 insert into sys_access (roleid, appid ) values (4009, 169625);
 insert into sys_access (roleid, appid ) values (4009, 1450);
 insert into sys_access (roleid, appid ) values (4009, 5065);
 insert into sys_access (roleid, appid ) values (4009, 5071);
 insert into sys_access (roleid, appid ) values (4009, 5078);
 insert into sys_access (roleid, appid ) values (4009, 5084);
 insert into sys_access (roleid, appid ) values (2423, 1427);
 insert into sys_access (roleid, appid ) values (2423, 1437);
 insert into sys_access (roleid, appid ) values (2423, 1632);
 insert into sys_access (roleid, appid ) values (2423, 1443);
 insert into sys_access (roleid, appid ) values (2423, 2046);
 insert into sys_access (roleid, appid ) values (2423, 1652);
 insert into sys_access (roleid, appid ) values (4175, 5084);
 insert into sys_access (roleid, appid ) values (4165, 1427);
 insert into sys_access (roleid, appid ) values (4165, 1437);
 insert into sys_access (roleid, appid ) values (4165, 1632);
 insert into sys_access (roleid, appid ) values (4165, 1443);
 insert into sys_access (roleid, appid ) values (4165, 2046);
 insert into sys_access (roleid, appid ) values (4165, 1652);
 insert into sys_access (roleid, appid ) values (4165, 1658);
 insert into sys_access (roleid, appid ) values (4165, 1664);
 insert into sys_access (roleid, appid ) values (4165, 1670);
 insert into sys_access (roleid, appid ) values (4165, 1456);
 insert into sys_access (roleid, appid ) values (4165, 1874);
 insert into sys_access (roleid, appid ) values (4165, 1544);
 insert into sys_access (roleid, appid ) values (4165, 2708);
 insert into sys_access (roleid, appid ) values (4165, 2714);
 insert into sys_access (roleid, appid ) values (4165, 2720);
 insert into sys_access (roleid, appid ) values (4165, 1538);
 insert into sys_access (roleid, appid ) values (4165, 1698);
 insert into sys_access (roleid, appid ) values (4165, 1555);
 insert into sys_access (roleid, appid ) values (4165, 1490);
 insert into sys_access (roleid, appid ) values (4165, 1524);
 insert into sys_access (roleid, appid ) values (4165, 1497);
 insert into sys_access (roleid, appid ) values (4165, 169625);
 insert into sys_access (roleid, appid ) values (4165, 1450);
 insert into sys_access (roleid, appid ) values (4165, 5065);
 insert into sys_access (roleid, appid ) values (4165, 5071);
 insert into sys_access (roleid, appid ) values (4165, 5078);
 insert into sys_access (roleid, appid ) values (2423, 1658);
 insert into sys_access (roleid, appid ) values (2423, 1664);
 insert into sys_access (roleid, appid ) values (2423, 1670);
 insert into sys_access (roleid, appid ) values (2423, 1456);
 insert into sys_access (roleid, appid ) values (2423, 1874);
 insert into sys_access (roleid, appid ) values (2423, 1544);
 insert into sys_access (roleid, appid ) values (2423, 2708);
 insert into sys_access (roleid, appid ) values (2423, 2714);
 insert into sys_access (roleid, appid ) values (2423, 2720);
 insert into sys_access (roleid, appid ) values (2423, 1538);
 insert into sys_access (roleid, appid ) values (2423, 1698);
 insert into sys_access (roleid, appid ) values (2423, 1555);
 insert into sys_access (roleid, appid ) values (2423, 1490);
 insert into sys_access (roleid, appid ) values (2423, 1524);
 insert into sys_access (roleid, appid ) values (2423, 1497);
 insert into sys_access (roleid, appid ) values (2423, 169625);
 insert into sys_access (roleid, appid ) values (2423, 1450);
 insert into sys_access (roleid, appid ) values (2423, 5065);
 insert into sys_access (roleid, appid ) values (2423, 5071);
 insert into sys_access (roleid, appid ) values (2423, 5078);
 insert into sys_access (roleid, appid ) values (2423, 5084);
 insert into sys_access (roleid, appid ) values (1, 72);
 insert into sys_access (roleid, appid ) values (1, 73);
 insert into sys_access (roleid, appid ) values (4165, 5084);


 insert into sys_function (id, name, code, funcdesc, funcmethod, sort, appid ) values (1, '模块列表', 'app:list', '模块列表', 'com.glaf.base.modules.sys.springmvc.SysApplicationController.showList', 1, 15);
 insert into sys_function (id, name, code, funcdesc, funcmethod, sort, appid ) values (2, '增加模块', 'app:create', '增加模块', 'com.glaf.base.modules.sys.springmvc.SysApplicationController.prepareAdd', 2, 15);
 insert into sys_function (id, name, code, funcdesc, funcmethod, sort, appid ) values (3, '修改模块', 'app:update', '修改模块', 'com.glaf.base.modules.sys.springmvc.SysApplicationController.prepareModify', 3, 15);
 insert into sys_function (id, name, code, funcdesc, funcmethod, sort, appid ) values (4, '删除模块', 'app:delete', '删除模块', 'com.glaf.base.modules.sys.springmvc.SysApplicationController.batchDelete', 4, 15);


 insert into sys_dictory (id, typeid, name, dictdesc, code, value_, sort, blocked, ext1, ext2, ext3, ext4, ext5, ext6, ext7, ext8, ext9, ext10, ext11, ext12, ext13, ext14, ext15, ext16, ext17, ext18, ext19, ext20, createby, createdate, updateby, updatedate ) values (1, 498, '人民币', null, 'CNY', null, 1, 0, '', '', null, null, null, null, null, null, null, null, null, null, null, null, null, null, null, null, null, null, null, null, null, null);
 insert into sys_dictory (id, typeid, name, dictdesc, code, value_, sort, blocked, ext1, ext2, ext3, ext4, ext5, ext6, ext7, ext8, ext9, ext10, ext11, ext12, ext13, ext14, ext15, ext16, ext17, ext18, ext19, ext20, createby, createdate, updateby, updatedate ) values (2, 498, '美元', null, 'USD', null, 2, 0, '', '', null, null, null, null, null, null, null, null, null, null, null, null, null, null, null, null, null, null, null, null, null, null);
 insert into sys_dictory (id, typeid, name, dictdesc, code, value_, sort, blocked, ext1, ext2, ext3, ext4, ext5, ext6, ext7, ext8, ext9, ext10, ext11, ext12, ext13, ext14, ext15, ext16, ext17, ext18, ext19, ext20, createby, createdate, updateby, updatedate ) values (3, 498, '日元', null, 'JPY', null, 3, 0, '', '', null, null, null, null, null, null, null, null, null, null, null, null, null, null, null, null, null, null, null, null, null, null);
 insert into sys_dictory (id, typeid, name, dictdesc, code, value_, sort, blocked, ext1, ext2, ext3, ext4, ext5, ext6, ext7, ext8, ext9, ext10, ext11, ext12, ext13, ext14, ext15, ext16, ext17, ext18, ext19, ext20, createby, createdate, updateby, updatedate ) values (4, 498, '港币', null, 'HKD', null, 4, 0, '', '', null, null, null, null, null, null, null, null, null, null, null, null, null, null, null, null, null, null, null, null, null, null);
 insert into sys_dictory (id, typeid, name, dictdesc, code, value_, sort, blocked, ext1, ext2, ext3, ext4, ext5, ext6, ext7, ext8, ext9, ext10, ext11, ext12, ext13, ext14, ext15, ext16, ext17, ext18, ext19, ext20, createby, createdate, updateby, updatedate ) values (5, 498, '欧元', null, 'EUR', null, 5, 0, '', '', null, null, null, null, null, null, null, null, null, null, null, null, null, null, null, null, null, null, null, null, null, null);


 insert into sys_dictory_def (id, nodeid, name, columnname, title, type, length, sort, required, target, createby, createdate, updateby, updatedate ) values (4, 0, 'ext1', 'EXT1', '', 'String', 200, 3, 0, 'sys_dictory', null, null, null, null);
 insert into sys_dictory_def (id, nodeid, name, columnname, title, type, length, sort, required, target, createby, createdate, updateby, updatedate ) values (5, 0, 'ext2', 'EXT2', '', 'String', 200, 4, 0, 'sys_dictory', null, null, null, null);
 insert into sys_dictory_def (id, nodeid, name, columnname, title, type, length, sort, required, target, createby, createdate, updateby, updatedate ) values (6, 0, 'ext3', 'EXT3', '', 'String', 200, 5, 0, 'sys_dictory', null, null, null, null);
 insert into sys_dictory_def (id, nodeid, name, columnname, title, type, length, sort, required, target, createby, createdate, updateby, updatedate ) values (7, 0, 'ext4', 'EXT4', '', 'String', 200, 5, 0, 'sys_dictory', null, null, null, null);
 insert into sys_dictory_def (id, nodeid, name, columnname, title, type, length, sort, required, target, createby, createdate, updateby, updatedate ) values (8, 0, 'ext5', 'EXT5', '', 'Date', 20, 7, 0, 'sys_dictory', null, null, null, null);
 insert into sys_dictory_def (id, nodeid, name, columnname, title, type, length, sort, required, target, createby, createdate, updateby, updatedate ) values (9, 0, 'ext6', 'EXT6', '', 'Date', 20, 8, 0, 'sys_dictory', null, null, null, null);
 insert into sys_dictory_def (id, nodeid, name, columnname, title, type, length, sort, required, target, createby, createdate, updateby, updatedate ) values (10, 0, 'ext7', 'EXT7', '', 'Date', 20, 9, 0, 'sys_dictory', null, null, null, null);
 insert into sys_dictory_def (id, nodeid, name, columnname, title, type, length, sort, required, target, createby, createdate, updateby, updatedate ) values (11, 0, 'ext8', 'EXT8', '', 'Date', 20, 10, 0, 'sys_dictory', null, null, null, null);
 insert into sys_dictory_def (id, nodeid, name, columnname, title, type, length, sort, required, target, createby, createdate, updateby, updatedate ) values (12, 0, 'ext9', 'EXT9', '', 'Date', 20, 11, 0, 'sys_dictory', null, null, null, null);
 insert into sys_dictory_def (id, nodeid, name, columnname, title, type, length, sort, required, target, createby, createdate, updateby, updatedate ) values (13, 0, 'ext10', 'EXT10', '', 'Date', 20, 12, 0, 'sys_dictory', null, null, null, null);
 insert into sys_dictory_def (id, nodeid, name, columnname, title, type, length, sort, required, target, createby, createdate, updateby, updatedate ) values (14, 0, 'ext11', 'EXT11', '', 'Long', 20, 13, 0, 'sys_dictory', null, null, null, null);
 insert into sys_dictory_def (id, nodeid, name, columnname, title, type, length, sort, required, target, createby, createdate, updateby, updatedate ) values (15, 0, 'ext12', 'EXT12', '', 'Long', 20, 14, 0, 'sys_dictory', null, null, null, null);
 insert into sys_dictory_def (id, nodeid, name, columnname, title, type, length, sort, required, target, createby, createdate, updateby, updatedate ) values (16, 0, 'ext13', 'EXT13', '', 'Long', 20, 15, 0, 'sys_dictory', null, null, null, null);
 insert into sys_dictory_def (id, nodeid, name, columnname, title, type, length, sort, required, target, createby, createdate, updateby, updatedate ) values (17, 0, 'ext14', 'EXT14', '', 'Long', 20, 16, 0, 'sys_dictory', null, null, null, null);
 insert into sys_dictory_def (id, nodeid, name, columnname, title, type, length, sort, required, target, createby, createdate, updateby, updatedate ) values (18, 0, 'ext15', 'EXT15', '', 'Long', 20, 17, 0, 'sys_dictory', null, null, null, null);
 insert into sys_dictory_def (id, nodeid, name, columnname, title, type, length, sort, required, target, createby, createdate, updateby, updatedate ) values (19, 0, 'ext16', 'EXT16', '', 'Double', 20, 18, 0, 'sys_dictory', null, null, null, null);
 insert into sys_dictory_def (id, nodeid, name, columnname, title, type, length, sort, required, target, createby, createdate, updateby, updatedate ) values (20, 0, 'ext17', 'EXT17', '', 'Double', 20, 19, 0, 'sys_dictory', null, null, null, null);
 insert into sys_dictory_def (id, nodeid, name, columnname, title, type, length, sort, required, target, createby, createdate, updateby, updatedate ) values (21, 0, 'ext18', 'EXT18', '', 'Double', 20, 20, 0, 'sys_dictory', null, null, null, null);
 insert into sys_dictory_def (id, nodeid, name, columnname, title, type, length, sort, required, target, createby, createdate, updateby, updatedate ) values (22, 0, 'ext19', 'EXT19', '', 'Double', 20, 21, 0, 'sys_dictory', null, null, null, null);
 insert into sys_dictory_def (id, nodeid, name, columnname, title, type, length, sort, required, target, createby, createdate, updateby, updatedate ) values (23, 0, 'ext20', 'EXT20', '', 'Double', 20, 22, 0, 'sys_dictory', null, null, null, null);


 insert into sys_dbid (name_, title_, value_, version_ ) values ('WX_CONFIG', '系统内置主键', '1021', 21);
 insert into sys_dbid (name_, title_, value_, version_ ) values ('WX_SITE_INFO', '系统内置主键', '1011', 11);
 insert into sys_dbid (name_, title_, value_, version_ ) values ('WX_CONTENT', '系统内置主键', '1011', 11);
 insert into sys_dbid (name_, title_, value_, version_ ) values ('WX_TEMPLATE', '系统内置主键', '1011', 11);
 insert into sys_dbid (name_, title_, value_, version_ ) values ('WX_COVER', '系统内置主键', '1011', 11);
 insert into sys_dbid (name_, title_, value_, version_ ) values ('WX_FILE', '系统内置主键', '1011', 11);
 insert into sys_dbid (name_, title_, value_, version_ ) values ('WX_MEMBER', '系统内置主键', '1011', 11);
 insert into sys_dbid (name_, title_, value_, version_ ) values ('WX_CATEGORY', '系统内置主键', '1041', 41);
 insert into sys_dbid (name_, title_, value_, version_ ) values ('WX_MENU', '系统内置主键', '1011', 11);
 insert into sys_dbid (name_, title_, value_, version_ ) values ('WX_MESSAGE', '系统内置主键', '1011', 11);
 insert into sys_dbid (name_, title_, value_, version_ ) values ('next.dbid', '系统内置主键', '294637', 8121);


 insert into sys_property (id_, category_, description_, initvalue_, locked_, name_, title_, type_, value_ ) values ('101', 'RPT', '当天的6位年月格式（YYYYMM），如201312', '${curr_yyyymm}', 0, 'curr_yyyymm', '当前年月', null, '');
 insert into sys_property (id_, category_, description_, initvalue_, locked_, name_, title_, type_, value_ ) values ('102', 'RPT', '当天的8位日期格式（YYYYMMDD），如20130630', '${curr_yyyymmdd}', 0, 'curr_yyyymmdd', '当前日期', null, '');
 insert into sys_property (id_, category_, description_, initvalue_, locked_, name_, title_, type_, value_ ) values ('103', 'RPT', '数据文件路径', null, 0, 'dataDir', '数据文件路径', null, '');
 insert into sys_property (id_, category_, description_, initvalue_, locked_, name_, title_, type_, value_ ) values ('104', 'RPT', '报表输入年月，${curr_yyyymm}表示当前月份', '', 0, 'input_yyyymm', '报表输入年月', null, '');
 insert into sys_property (id_, category_, description_, initvalue_, locked_, name_, title_, type_, value_ ) values ('105', 'RPT', '报表输入的日期，${curr_yyyymmdd}-1表示当前日期的前一天', '', 0, 'input_yyyymmdd', '报表输入日期', null, '');
 insert into sys_property (id_, category_, description_, initvalue_, locked_, name_, title_, type_, value_ ) values ('106', 'RPT', '报表生成根目录', null, 0, 'report_save_path', '报表生成根目录', null, '');
 insert into sys_property (id_, category_, description_, initvalue_, locked_, name_, title_, type_, value_ ) values ('1', 'SYS', '系统名称', null, 0, 'res_system_name', '系统名称', null, '微商微信/易信公共平台管理系统');
 insert into sys_property (id_, category_, description_, initvalue_, locked_, name_, title_, type_, value_ ) values ('2', 'SYS', '系统版本', null, 0, 'res_version', '系统版本', null, 'V3.0');
 insert into sys_property (id_, category_, description_, initvalue_, locked_, name_, title_, type_, value_ ) values ('3', 'SYS', '版权信息', null, 0, 'res_copyright', '版权信息', null, '微商  版权所有');
 insert into sys_property (id_, category_, description_, initvalue_, locked_, name_, title_, type_, value_ ) values ('4', 'SYS', null, null, 0, 'res_mail_from', '邮件发送者', null, 'jior2008@gmail.com');
 insert into sys_property (id_, category_, description_, initvalue_, locked_, name_, title_, type_, value_ ) values ('179352', 'SYS', null, null, 0, 'serviceUrl', '服务地址', null, 'http://www.weishang800.com/glaf');


 insert into sys_workcalendar (id, freeday, freemonth, freeyear ) values (1, 6, 1, 2013);
 insert into sys_workcalendar (id, freeday, freemonth, freeyear ) values (2, 13, 1, 2013);
 insert into sys_workcalendar (id, freeday, freemonth, freeyear ) values (3, 20, 1, 2013);
 insert into sys_workcalendar (id, freeday, freemonth, freeyear ) values (4, 27, 1, 2013);
 insert into sys_workcalendar (id, freeday, freemonth, freeyear ) values (5, 26, 1, 2013);
 insert into sys_workcalendar (id, freeday, freemonth, freeyear ) values (6, 19, 1, 2013);
 insert into sys_workcalendar (id, freeday, freemonth, freeyear ) values (7, 12, 1, 2013);
 insert into sys_workcalendar (id, freeday, freemonth, freeyear ) values (8, 5, 1, 2013);
 insert into sys_workcalendar (id, freeday, freemonth, freeyear ) values (9, 2, 2, 2013);
 insert into sys_workcalendar (id, freeday, freemonth, freeyear ) values (10, 9, 2, 2013);
 insert into sys_workcalendar (id, freeday, freemonth, freeyear ) values (11, 16, 2, 2013);
 insert into sys_workcalendar (id, freeday, freemonth, freeyear ) values (12, 23, 2, 2013);
 insert into sys_workcalendar (id, freeday, freemonth, freeyear ) values (13, 3, 2, 2013);
 insert into sys_workcalendar (id, freeday, freemonth, freeyear ) values (14, 10, 2, 2013);
 insert into sys_workcalendar (id, freeday, freemonth, freeyear ) values (15, 17, 2, 2013);
 insert into sys_workcalendar (id, freeday, freemonth, freeyear ) values (16, 24, 2, 2013);
 insert into sys_workcalendar (id, freeday, freemonth, freeyear ) values (17, 3, 3, 2013);
 insert into sys_workcalendar (id, freeday, freemonth, freeyear ) values (18, 10, 3, 2013);
 insert into sys_workcalendar (id, freeday, freemonth, freeyear ) values (19, 17, 3, 2013);
 insert into sys_workcalendar (id, freeday, freemonth, freeyear ) values (20, 24, 3, 2013);
 insert into sys_workcalendar (id, freeday, freemonth, freeyear ) values (21, 31, 3, 2013);
 insert into sys_workcalendar (id, freeday, freemonth, freeyear ) values (22, 30, 3, 2013);
 insert into sys_workcalendar (id, freeday, freemonth, freeyear ) values (23, 23, 3, 2013);
 insert into sys_workcalendar (id, freeday, freemonth, freeyear ) values (24, 16, 3, 2013);
 insert into sys_workcalendar (id, freeday, freemonth, freeyear ) values (25, 9, 3, 2013);
 insert into sys_workcalendar (id, freeday, freemonth, freeyear ) values (26, 2, 3, 2013);
 insert into sys_workcalendar (id, freeday, freemonth, freeyear ) values (27, 7, 4, 2013);
 insert into sys_workcalendar (id, freeday, freemonth, freeyear ) values (28, 14, 4, 2013);
 insert into sys_workcalendar (id, freeday, freemonth, freeyear ) values (29, 21, 4, 2013);
 insert into sys_workcalendar (id, freeday, freemonth, freeyear ) values (30, 28, 4, 2013);
 insert into sys_workcalendar (id, freeday, freemonth, freeyear ) values (31, 27, 4, 2013);
 insert into sys_workcalendar (id, freeday, freemonth, freeyear ) values (32, 20, 4, 2013);
 insert into sys_workcalendar (id, freeday, freemonth, freeyear ) values (33, 13, 4, 2013);
 insert into sys_workcalendar (id, freeday, freemonth, freeyear ) values (34, 6, 4, 2013);
 insert into sys_workcalendar (id, freeday, freemonth, freeyear ) values (35, 5, 5, 2013);
 insert into sys_workcalendar (id, freeday, freemonth, freeyear ) values (36, 12, 5, 2013);
 insert into sys_workcalendar (id, freeday, freemonth, freeyear ) values (37, 19, 5, 2013);
 insert into sys_workcalendar (id, freeday, freemonth, freeyear ) values (38, 26, 5, 2013);
 insert into sys_workcalendar (id, freeday, freemonth, freeyear ) values (39, 25, 5, 2013);
 insert into sys_workcalendar (id, freeday, freemonth, freeyear ) values (40, 18, 5, 2013);
 insert into sys_workcalendar (id, freeday, freemonth, freeyear ) values (41, 11, 5, 2013);
 insert into sys_workcalendar (id, freeday, freemonth, freeyear ) values (42, 4, 5, 2013);
 insert into sys_workcalendar (id, freeday, freemonth, freeyear ) values (43, 2, 6, 2013);
 insert into sys_workcalendar (id, freeday, freemonth, freeyear ) values (44, 9, 6, 2013);
 insert into sys_workcalendar (id, freeday, freemonth, freeyear ) values (45, 16, 6, 2013);
 insert into sys_workcalendar (id, freeday, freemonth, freeyear ) values (46, 23, 6, 2013);
 insert into sys_workcalendar (id, freeday, freemonth, freeyear ) values (47, 30, 6, 2013);
 insert into sys_workcalendar (id, freeday, freemonth, freeyear ) values (48, 29, 6, 2013);
 insert into sys_workcalendar (id, freeday, freemonth, freeyear ) values (49, 22, 6, 2013);
 insert into sys_workcalendar (id, freeday, freemonth, freeyear ) values (50, 15, 6, 2013);
 insert into sys_workcalendar (id, freeday, freemonth, freeyear ) values (51, 8, 6, 2013);
 insert into sys_workcalendar (id, freeday, freemonth, freeyear ) values (52, 1, 6, 2013);
 insert into sys_workcalendar (id, freeday, freemonth, freeyear ) values (53, 7, 7, 2013);
 insert into sys_workcalendar (id, freeday, freemonth, freeyear ) values (54, 14, 7, 2013);
 insert into sys_workcalendar (id, freeday, freemonth, freeyear ) values (55, 21, 7, 2013);
 insert into sys_workcalendar (id, freeday, freemonth, freeyear ) values (56, 27, 7, 2013);
 insert into sys_workcalendar (id, freeday, freemonth, freeyear ) values (57, 20, 7, 2013);
 insert into sys_workcalendar (id, freeday, freemonth, freeyear ) values (58, 13, 7, 2013);
 insert into sys_workcalendar (id, freeday, freemonth, freeyear ) values (59, 6, 7, 2013);
 insert into sys_workcalendar (id, freeday, freemonth, freeyear ) values (60, 28, 7, 2013);
 insert into sys_workcalendar (id, freeday, freemonth, freeyear ) values (61, 4, 8, 2013);
 insert into sys_workcalendar (id, freeday, freemonth, freeyear ) values (62, 11, 8, 2013);
 insert into sys_workcalendar (id, freeday, freemonth, freeyear ) values (63, 18, 8, 2013);
 insert into sys_workcalendar (id, freeday, freemonth, freeyear ) values (64, 25, 8, 2013);
 insert into sys_workcalendar (id, freeday, freemonth, freeyear ) values (65, 31, 8, 2013);
 insert into sys_workcalendar (id, freeday, freemonth, freeyear ) values (66, 24, 8, 2013);
 insert into sys_workcalendar (id, freeday, freemonth, freeyear ) values (67, 17, 8, 2013);
 insert into sys_workcalendar (id, freeday, freemonth, freeyear ) values (68, 10, 8, 2013);
 insert into sys_workcalendar (id, freeday, freemonth, freeyear ) values (69, 3, 8, 2013);
 insert into sys_workcalendar (id, freeday, freemonth, freeyear ) values (70, 1, 9, 2013);
 insert into sys_workcalendar (id, freeday, freemonth, freeyear ) values (71, 8, 9, 2013);
 insert into sys_workcalendar (id, freeday, freemonth, freeyear ) values (72, 15, 9, 2013);
 insert into sys_workcalendar (id, freeday, freemonth, freeyear ) values (73, 22, 9, 2013);
 insert into sys_workcalendar (id, freeday, freemonth, freeyear ) values (74, 29, 9, 2013);
 insert into sys_workcalendar (id, freeday, freemonth, freeyear ) values (75, 28, 9, 2013);
 insert into sys_workcalendar (id, freeday, freemonth, freeyear ) values (76, 21, 9, 2013);
 insert into sys_workcalendar (id, freeday, freemonth, freeyear ) values (77, 14, 9, 2013);
 insert into sys_workcalendar (id, freeday, freemonth, freeyear ) values (78, 7, 9, 2013);
 insert into sys_workcalendar (id, freeday, freemonth, freeyear ) values (79, 7, 12, 2013);
 insert into sys_workcalendar (id, freeday, freemonth, freeyear ) values (80, 14, 12, 2013);
 insert into sys_workcalendar (id, freeday, freemonth, freeyear ) values (81, 21, 12, 2013);
 insert into sys_workcalendar (id, freeday, freemonth, freeyear ) values (82, 28, 12, 2013);
 insert into sys_workcalendar (id, freeday, freemonth, freeyear ) values (83, 1, 12, 2013);
 insert into sys_workcalendar (id, freeday, freemonth, freeyear ) values (84, 8, 12, 2013);
 insert into sys_workcalendar (id, freeday, freemonth, freeyear ) values (85, 15, 12, 2013);
 insert into sys_workcalendar (id, freeday, freemonth, freeyear ) values (86, 22, 12, 2013);
 insert into sys_workcalendar (id, freeday, freemonth, freeyear ) values (87, 29, 12, 2013);
 insert into sys_workcalendar (id, freeday, freemonth, freeyear ) values (89, 2, 11, 2013);
 insert into sys_workcalendar (id, freeday, freemonth, freeyear ) values (90, 9, 11, 2013);
 insert into sys_workcalendar (id, freeday, freemonth, freeyear ) values (91, 16, 11, 2013);
 insert into sys_workcalendar (id, freeday, freemonth, freeyear ) values (92, 23, 11, 2013);
 insert into sys_workcalendar (id, freeday, freemonth, freeyear ) values (93, 30, 11, 2013);
 insert into sys_workcalendar (id, freeday, freemonth, freeyear ) values (94, 24, 11, 2013);
 insert into sys_workcalendar (id, freeday, freemonth, freeyear ) values (95, 17, 11, 2013);
 insert into sys_workcalendar (id, freeday, freemonth, freeyear ) values (96, 10, 11, 2013);
 insert into sys_workcalendar (id, freeday, freemonth, freeyear ) values (97, 3, 11, 2013);
 insert into sys_workcalendar (id, freeday, freemonth, freeyear ) values (98, 5, 10, 2013);
 insert into sys_workcalendar (id, freeday, freemonth, freeyear ) values (99, 12, 10, 2013);
 insert into sys_workcalendar (id, freeday, freemonth, freeyear ) values (100, 19, 10, 2013);
 insert into sys_workcalendar (id, freeday, freemonth, freeyear ) values (101, 1, 10, 2013);
 insert into sys_workcalendar (id, freeday, freemonth, freeyear ) values (102, 2, 10, 2013);
 insert into sys_workcalendar (id, freeday, freemonth, freeyear ) values (103, 3, 10, 2013);
 insert into sys_workcalendar (id, freeday, freemonth, freeyear ) values (104, 4, 10, 2013);
 insert into sys_workcalendar (id, freeday, freemonth, freeyear ) values (105, 6, 10, 2013);
 insert into sys_workcalendar (id, freeday, freemonth, freeyear ) values (106, 13, 10, 2013);
 insert into sys_workcalendar (id, freeday, freemonth, freeyear ) values (107, 20, 10, 2013);
 insert into sys_workcalendar (id, freeday, freemonth, freeyear ) values (108, 27, 10, 2013);


 insert into sys_params (id, business_key, date_val, double_val, int_val, java_type, key_name, long_val, service_key, string_val, text_val, title, type_cd ) values ('news__news_processName', 'news', null, null, null, 'string', 'processName', null, 'news', 'PublicInfoProcess', 'PublicInfoProcess', '流程名称', 'news');
 insert into sys_params (id, business_key, date_val, double_val, int_val, java_type, key_name, long_val, service_key, string_val, text_val, title, type_cd ) values ('bulletin__bulletin_processName', 'bulletin', null, null, null, 'string', 'processName', null, 'bulletin', 'PublicInfoProcess', 'PublicInfoProcess', '流程名称', 'bulletin');
 insert into sys_params (id, business_key, date_val, double_val, int_val, java_type, key_name, long_val, service_key, string_val, text_val, title, type_cd ) values ('sys_table', 'sys_table', null, null, null, 'json', 'sys_table', null, 'sys_table', '[{"tablename":"sys_role","title":"角色"},{"tablename":"sys_tree","title":"系统树"},{"tablename":"sys_department","title":"部门"},{"tablename":"sys_user","title":"用户"},{"tablename":"sys_application","title":"模块"},{"tablename":"sys_dept_role","title":"部门角色"},{"tablename":"sys_user_role","title":"用户角色"},{"tablename":"sys_access","title":"访问权限"},{"tablename":"sys_function","title":"系统功能"},{"tablename":"sys_dictory","title":"数据字典"},{"tablename":"sys_dictory_def","title":"字典定义"},{"tablename":"sys_dbid","title":"系统主键"},{"tablename":"sys_property","title":"系统属性"},{"tablename":"sys_workcalendar","title":"工作日历"},{"tablename":"sys_params","title":"参数定义"},{"tablename":"sys_input_def","title":"系统输入定义"}]', '[{"tablename":"sys_role","title":"角色"},{"tablename":"sys_tree","title":"系统树"},{"tablename":"sys_department","title":"部门"},{"tablename":"sys_user","title":"用户"},{"tablename":"sys_application","title":"模块"},{"tablename":"sys_dept_role","title":"部门角色"},{"tablename":"sys_user_role","title":"用户角色"},{"tablename":"sys_access","title":"访问权限"},{"tablename":"sys_function","title":"系统功能"},{"tablename":"sys_dictory","title":"数据字典"},{"tablename":"sys_dictory_def","title":"字典定义"},{"tablename":"sys_dbid","title":"系统主键"},{"tablename":"sys_property","title":"系统属性"},{"tablename":"sys_workcalendar","title":"工作日历"},{"tablename":"sys_params","title":"参数定义"},{"tablename":"sys_input_def","title":"系统输入定义"}]', '系统表', 'sys_table');


 insert into sys_input_def (id, init_value, input_type, java_type, key_name, required, service_key, text_field, title, type_cd, type_title, url, valid_type, value_field ) values ('7', '/rs/jbpm/definition/json', 'combobox', 'String', 'processName', null, 'news', 'text', '流程名称', 'news', '新闻发布', '/rs/jbpm/definition/json', null, 'name');
 insert into sys_input_def (id, init_value, input_type, java_type, key_name, required, service_key, text_field, title, type_cd, type_title, url, valid_type, value_field ) values ('8', '/rs/jbpm/definition/json', 'combobox', 'String', 'processName', null, 'bulletin', 'text', '流程名称', 'bulletin', '公告发布', '/rs/jbpm/definition/json', null, 'name');


